apk;num_con_frid;num_con_traf;disparidad
com.rpp.noticias.movil;0;189;100.0%
com.minerva_medical.minerva;0;150;100.0%
org.cathalac_servir.android;0;147;100.0%
com.applicats.yavoy;0;135;100.0%
infonetconsultores.com.kebabsevillaeste;0;124;100.0%
com.stranger.randomchat;0;114;100.0%
net.cryptobubbles;0;114;100.0%
com.elgarajedesantacruz;0;93;100.0%
homemakes.how_to_draw_anime_manga;0;93;100.0%
io.gonative.android.rzkyq;0;90;100.0%
no.bstcm.loyaltyapp.el_faro;0;84;100.0%
com.webtoapp.matizmoda;0;82;100.0%
com.frecuencias.metrobilbao;0;81;100.0%
app.parentalcontrol.parent;0;80;100.0%
es.escrol.DDJ;0;80;100.0%
es.escrol.DDS;0;80;100.0%
com.consultar.asnefonline;0;72;100.0%
com.applicats.lasantaburger;0;69;100.0%
infonetconsultores.com.hnz;0;68;100.0%
com.verificarevin.carvin;0;67;100.0%
es.escrol.DSG;0;64;100.0%
es.escrol.DDC;0;62;100.0%
descapadacom.wpapp;0;60;100.0%
co.gov.migracion.checkmig.app;0;59;100.0%
com.autoescuela.alberto;0;57;100.0%
com.dunasoftpc.vipsalon.ayalatin;0;57;100.0%
com.bearhugmedia.android_sportsday;0;56;100.0%
es.delivery.vikeve;0;53;100.0%
com.loreal.midermoactiva;0;52;100.0%
com.lazyjoy.storyLight;0;44;100.0%
es.escrol.TGU;0;40;100.0%
com.broken_screen.wallpaper;0;37;100.0%
com.cute.wallpapers_for_girls;0;37;100.0%
app.visory.security_camera;0;36;100.0%
com.naturalcycles.cordova;0;35;100.0%
com.superking.parchisi.star;0;34;100.0%
com.cupidmedia.wrapper.thaicupid;0;33;100.0%
com.appspro.best.ringtones2017;0;29;100.0%
com.ihappydate;0;28;100.0%
com.hubilo.wwc22;0;27;100.0%
es.solbyte.ociohoteles;0;27;100.0%
com.colibery.orderingapp;0;26;100.0%
com.pixabay.pixabayapp;0;25;100.0%
com.totaltoolsapp.totaldownloader;0;24;100.0%
glospen.fbase.futbolbase;0;24;100.0%
com.app_d703691.layout;0;22;100.0%
com.cars.android.carapps.caraccel;0;22;100.0%
com.driiveme.driivemeapp;0;22;100.0%
com.google.android.apps.youtube.creator;0;22;100.0%
mobi.infolife.ezweather.widget.weatherandclock.roi;0;22;100.0%
movildata.url;0;22;100.0%
com.digitalmarketing.slideshowmaker;0;21;100.0%
com.caprabo.capraboacasa;0;20;100.0%
com.arloopa.arloopa;0;19;100.0%
com.emesasoftware.cata_barrio_estacion;0;19;100.0%
com.emt.emt_parking;0;19;100.0%
com.mobincube.eliminar_acne.sc_5WVW8J;0;18;100.0%
com.moonly.android;0;18;100.0%
com.movieespanolas.peliculas;0;18;100.0%
com.romerock.utilities.fitness;0;18;100.0%
com.soccer.football.kick;0;18;100.0%
es.cantabria.yedrapp;0;18;100.0%
com.aramobile.apps.medi1tv;0;17;100.0%
com.rcf.nissangen;0;17;100.0%
com.YsoCorp.StretchGuy;0;17;100.0%
com.crunchyroll.crunchyroid;0;16;100.0%
com.eyefilter.nightmode.bluelightfilter;0;16;100.0%
com.number.draw.ly.color.by.number.pixel.art.sandbox.coloring;0;16;100.0%
digital.ajuntament.piera;0;16;100.0%
eu.europa.publications.reopeneu;0;16;100.0%
mobi.barberly.bellezaamadas;0;16;100.0%
com.realdream.kidspolice_fr;0;15;100.0%
com.redbubble;0;15;100.0%
com.witcode.light.light;0;15;100.0%
es.tmwebs.jpeluquero;0;15;100.0%
it.neway.mysynergie;0;15;100.0%
jp.gr.java_conf.siranet.idphoto;0;15;100.0%
com.andromo.dev759850.app979576;0;14;100.0%
com.easybrain.art.puzzle;0;14;100.0%
com.gokids.bphone1;0;14;100.0%
com.lyrebirdstudio.colorizer.lite;0;14;100.0%
com.pelisplays.peliculas;0;14;100.0%
com.tube.download.music.mp3;0;14;100.0%
bemadbox.app.crossfit;0;13;100.0%
com.gdf.livemed.phonegap.getting.started;0;13;100.0%
com.goodbarber.appsfamilia2;0;13;100.0%
com.lyrebirdstudio.mirror;0;13;100.0%
com.nextret.tellfy;0;13;100.0%
com.softwarekoibox.balmeshospitalveterinari2;0;13;100.0%
com.softwarekoibox.juancasasbarber;0;13;100.0%
com.softwarekoibox.labarberiadelnorte;0;13;100.0%
com.softwarekoibox.olgaestetica;0;13;100.0%
com.wastickerapps.stickers_emojis_animados;0;13;100.0%
thevoice.sing.karaoke;0;13;100.0%
com.dsrtech.menhairstyles;0;12;100.0%
com.softwarekoibox.lovelylashes;0;12;100.0%
com.tracker.ao3readerarchive;0;12;100.0%
es.gestamed.parc;0;12;100.0%
org.madrid.zcye.centrosSanitarios;0;12;100.0%
com.app_d45435.layout;0;11;100.0%
com.BabyName.start;0;11;100.0%
com.vialsoft.radares_es_lite;0;11;100.0%
com.motivait.ctf.pedrodelhierro;0;10;100.0%
com.stack.ball.destroy.wood;0;10;100.0%
swacky.how_to_draw_horror;0;10;100.0%
com.bestweatherfor.bibleoffline_pt_ra;0;9;100.0%
com.garrettmotion.garrett;0;9;100.0%
com.getliner.liner;0;9;100.0%
com.omesa.durango;0;9;100.0%
com.timbrit.profesionales;0;9;100.0%
anime.pose;0;8;100.0%
br.com.lojong;0;8;100.0%
com.behance.behance;0;8;100.0%
com.cyberlink.powerdirector.DRA140225_01;0;8;100.0%
com.dubliner.bar;0;8;100.0%
com.iboattech.anime.avatarmaker;0;8;100.0%
com.iherb;0;8;100.0%
com.linkedin.android;0;8;100.0%
com.myleaderboard.GolfChannel;0;8;100.0%
com.payoneer.android;0;8;100.0%
com.sertanta.textonphoto2.tepho_textonphoto2;0;8;100.0%
com.sinyee.babybus.birthdaypartyII;0;8;100.0%
com.thegoodgoalapp;0;8;100.0%
com.youdao.hindict;0;8;100.0%
lt.lemonlabs.android.paysera;0;8;100.0%
volumebooster.sound.loud.speaker.booster;0;8;100.0%
app.europechat;0;7;100.0%
com.blus.altaaj.aldhahabi.gold1;0;7;100.0%
com.easybluecode.polaroidfx;0;7;100.0%
com.factory.kimloaiza_canciones;0;7;100.0%
com.floraincognita.app.floraincognita;0;7;100.0%
com.gausswebapp.silvamellado;0;7;100.0%
com.ionicframework.tabs767147;0;7;100.0%
com.kiwilimon2;0;7;100.0%
com.modspestudio.shader_mod;0;7;100.0%
com.playinradio.player;0;7;100.0%
com.sinyee.babybus.tailor;0;7;100.0%
com.spb.tv.am;0;7;100.0%
customstickermaker.whatsappstickers.personalstickersforwhatsapp;0;7;100.0%
es.suzuki.app;0;7;100.0%
nessundorma.com.nessun_dorma;0;7;100.0%
nl.wienelware.calligraphydesignideas.app;0;7;100.0%
todolist.scheduleplanner.dailyplanner.todo.reminders;0;7;100.0%
air.com.coopervision.optiexpert;0;6;100.0%
com.app_d68946.layout;0;6;100.0%
com.bankinter.bankintercard;0;6;100.0%
com.ileadtek.peripage;0;6;100.0%
com.magic.retouch;0;6;100.0%
com.mapal_os.mapalone;0;6;100.0%
com.media.music.mp3.musicplayer;0;6;100.0%
com.memero.android;0;6;100.0%
com.pal.train;0;6;100.0%
com.qulik.fox.app;0;6;100.0%
com.regionsjob.android;0;6;100.0%
com.sorteos.instagram;0;6;100.0%
com.yantech.zoomerang;0;6;100.0%
es.xunta.meteogalicia;0;6;100.0%
net.whatscall.freecall;0;6;100.0%
yanbal.catalogo;0;6;100.0%
br.com.blackmountain.photo.tattoosimulator;0;5;100.0%
cat.bcn.butxaca;0;5;100.0%
com.anachidDiniya.dinia2020.anachidIslamia2021;0;5;100.0%
com.exteriorhouseremodel.Buetetops;0;5;100.0%
com.free.truck.gps.navigation.gps.truckers;0;5;100.0%
com.image.fun.stickers.create.maker;0;5;100.0%
com.kaweapp.webexplorer;0;5;100.0%
com.kipas.outfit.ideas.gacha.club;0;5;100.0%
com.lyrebirdstudio.sticker_maker;0;5;100.0%
com.mapadebolsillo.visor;0;5;100.0%
com.masini.usedcars;0;5;100.0%
com.mfutbg.app;0;5;100.0%
com.ml.soompi;0;5;100.0%
com.osakidetza;0;5;100.0%
com.pickapp.basketball;0;5;100.0%
com.sinyee.babybus.behaviour;0;5;100.0%
com.sportconsulting.nuestracomunidad;0;5;100.0%
com.sportconsulting.tenisclubvillanueva;0;5;100.0%
com.studioeleven.windfinder;0;5;100.0%
com.techapps.fake.call.prank.free;0;5;100.0%
com.telefonica.movistar;0;5;100.0%
com.thmobile.postermaker;0;5;100.0%
com.visuamobile.liberation;0;5;100.0%
com.yunosolutions.spaincalendar;0;5;100.0%
dev.rokitskiy.miband_watchface;0;5;100.0%
net.at4.emt;0;5;100.0%
one.vik.stopwatch;0;5;100.0%
org.fcbh.spanvi.o1n1.on;0;5;100.0%
period.tracker.calendar.ovulation.women.fertility.cycle;0;5;100.0%
twittervideosaver.twittervideodownloader.twimate.savetwittergif;0;5;100.0%
xbean.image.picture.translate.ocr;0;5;100.0%
ar.com.kinetia.ligaargentina;0;4;100.0%
ccse.jarcode.net;0;4;100.0%
codematics.universal.tv.remote.control;0;4;100.0%
com.all.language.translator.speech.text;0;4;100.0%
com.allinonestudio.coches;0;4;100.0%
com.amplez.lg_remote_akb;0;4;100.0%
com.camesc.isaac;0;4;100.0%
com.canuapp.app;0;4;100.0%
com.coniq.sevilla;0;4;100.0%
com.crux.mambocecotec;0;4;100.0%
com.crux.thermomix;0;4;100.0%
com.documentfactory.resume;0;4;100.0%
com.dokdoapps.mybabypiano;0;4;100.0%
com.goarbit.goarbit;0;4;100.0%
com.groupeseb.moulinex.food;0;4;100.0%
com.grupodisa.energy;0;4;100.0%
com.housepooldesignideas.kinanapps;0;4;100.0%
com.kiabibag.app;0;4;100.0%
com.kpop.blackpink;0;4;100.0%
com.langkids.englishfokids;0;4;100.0%
com.media.zatashima.studio;0;4;100.0%
com.mmicunovic.papercopy;0;4;100.0%
com.mostrarium.sjd;0;4;100.0%
com.parkunload.driver;0;4;100.0%
com.pdf.ocr.scanner.free.file.document.doc.app.scan.camera;0;4;100.0%
com.picmax.cupace;0;4;100.0%
com.prequel.app;0;4;100.0%
com.rizwan.simplepdfreader2018;0;4;100.0%
com.shiptracker.marine_radar;0;4;100.0%
com.simppro.quran;0;4;100.0%
com.sinyee.babybus.birthdayparty;0;4;100.0%
com.socialnmobile.hd.flashlight;0;4;100.0%
com.switcherryinc.switcherryandroidapp.vpn;0;4;100.0%
com.TasnimAnas.NoFap;0;4;100.0%
com.ticktalk.scannerdocument;0;4;100.0%
com.wolf.gamebooster.free;0;4;100.0%
com.WoodenHouseDesign.someiatiAPP;0;4;100.0%
com.wWorldometerrealtimeworldstatistics_13623982;0;4;100.0%
danzaballet.ejerciciosgimnasiaritmica.gimnasiaartistica;0;4;100.0%
desbloqueos.aptam;0;4;100.0%
es.precioelectricidad.android;0;4;100.0%
forqan.tech.babypuzzles_edu.ads;0;4;100.0%
fr.cookbook;0;4;100.0%
invitaciones.bautizo2;0;4;100.0%
melodymusic.freemusicplayer.androidfloatingplayer;0;4;100.0%
net.rention.appointmentsplanner;0;4;100.0%
peinados.afroyrizopasoapaso;0;4;100.0%
santanderwabi.es.app;0;4;100.0%
simple.babytracker.newbornfeeding.babycare;0;4;100.0%
translate.speech.text.translation.voicetranslator;0;4;100.0%
vault.gallery.lock;0;4;100.0%
anime.fp;0;3;100.0%
br.com.clmobile.tabelaespanhol;0;3;100.0%
br.com.meiatech.sonsdepeido;0;3;100.0%
by.sudilar.make_full_chemistry;0;3;100.0%
cat.bcn.tibidabo;0;3;100.0%
co.azuki.app;0;3;100.0%
com.anna.megaevolmon;0;3;100.0%
com.app.city.test.testOposCulturaGeneral;0;3;100.0%
com.appsforlife.thermometer;0;3;100.0%
com.baronapp.cameo;0;3;100.0%
com.bb8qq.pixel.logo3d;0;3;100.0%
com.bb8qq.pixel.pixelfootballlogo_tapcolornumber;0;3;100.0%
com.bestools.spainprayertimes;0;3;100.0%
com.ccpsoftmedia.screenmirroring.miracast;0;3;100.0%
com.chic.greenlight2;0;3;100.0%
com.clabs.acciona;0;3;100.0%
com.CleanCode.WAStickerAppsStickersMacacosAnimados;0;3;100.0%
com.codevapps.felizcumpleanoshija;0;3;100.0%
com.contapps.android;0;3;100.0%
com.dalil.elhwamelss;0;3;100.0%
com.datechat.findyourlove;0;3;100.0%
com.dpl.slideshow.video.maker;0;3;100.0%
com.droidinfinity.weightlosscoach;0;3;100.0%
com.epi.levante.emv;0;3;100.0%
com.Fashion.Boutique.Shop.Games.Dr;0;3;100.0%
com.financefree;0;3;100.0%
com.fitzeee.pedometerwalking;0;3;100.0%
com.g.glassessimulator21;0;3;100.0%
com.g.PhilipsTvRemote;0;3;100.0%
com.getluko.cover.app;0;3;100.0%
com.glasses.photo.editor;0;3;100.0%
com.greenchef.GreenChef;0;3;100.0%
com.grupozeta.epextremadura;0;3;100.0%
com.Happyfathersday.phototovideomaker;0;3;100.0%
com.itevelesa.app;0;3;100.0%
com.jekapps.recetasdecoctelesytragos;0;3;100.0%
com.knoegel.multiculturalapp;0;3;100.0%
com.komp3.mp3.music.downloader;0;3;100.0%
com.luzeon.BiggerCity;0;3;100.0%
com.mapmywalk.android2;0;3;100.0%
com.mapswithme.maps.pro;0;3;100.0%
com.maxdevlab.cleaner.security;0;3;100.0%
com.mi.band.watchfaces.miband6;0;3;100.0%
com.miczon.android.webcamapplication;0;3;100.0%
com.mithouse.app;0;3;100.0%
com.mustread;0;3;100.0%
com.nchsoftware.mixpad_free;0;3;100.0%
com.nezdroid.cardashdroid;0;3;100.0%
com.noymnos.wallpaperx;0;3;100.0%
com.o16i.languagereadingbooks.french;0;3;100.0%
com.orlindev.footballlogo;0;3;100.0%
com.prankcallvideovoice.ronaldofakecall;0;3;100.0%
com.productive.jarek.tachomobile;0;3;100.0%
com.rarevision.vhscamlite;0;3;100.0%
com.rvappstudios.magnifyingglass;0;3;100.0%
com.sinyee.babybus.adventure;0;3;100.0%
com.smartswitch.shareit.datashare.phoneclone;0;3;100.0%
com.smoqgames.packopen22;0;3;100.0%
com.spanishcake.recipe;0;3;100.0%
com.squaremed.diabetesconnect.android;0;3;100.0%
com.suphero.colorpaintsh;0;3;100.0%
com.sweefitstudios.drawkawaii;0;3;100.0%
com.sweefitstudios.drawtattoo;0;3;100.0%
com.sweetandbeautyhdcameras.makeup;0;3;100.0%
com.thmobile.cartoonme.artphotoeditor;0;3;100.0%
com.touchbyte.photosync;0;3;100.0%
com.TreeHouseDesign.saiyaapp;0;3;100.0%
com.vivaair.viva_web_view;0;3;100.0%
com.vladlee.easyblacklist;0;3;100.0%
com.weather.for.flutter;0;3;100.0%
com.wegow.wegow;0;3;100.0%
com.welbits.interurbanosmadrid;0;3;100.0%
com.winit.airarabia;0;3;100.0%
com.workout.workout;0;3;100.0%
com.world.escaneaytraducegratistodoslosidiomas;0;3;100.0%
com.zalmistickers.footballstickers;0;3;100.0%
de.casparwre.insult;0;3;100.0%
de.droidenschmiede.weather;0;3;100.0%
es.darki.miplanilla;0;3;100.0%
es.eltiempo.weatherapp;0;3;100.0%
es.parkersolutions.lebrija;0;3;100.0%
es.ugr.servicioalumnos;0;3;100.0%
feniksenia.app.speakerbooster11;0;3;100.0%
fonts.keyboard.fontboard.stylish;0;3;100.0%
g.pher.proximotranvia;0;3;100.0%
geekshop.onlineshopping;0;3;100.0%
kr.co.smartstudy.bodlebookiapfree_us_android_googlemarket;0;3;100.0%
media.tools.plus.speakerbooster.simoapp;0;3;100.0%
net.appcode.dietasadelgazar;0;3;100.0%
nl.zig.wsp.app.duwo;0;3;100.0%
okitvremote.tvremote.remote.remotecontrol.oki;0;3;100.0%
org.fortheloss.sticknodes;0;3;100.0%
org.ottomobile.iTargaLite;0;3;100.0%
pedometer.stepcounter.calorieburner.pedometerforwalking;0;3;100.0%
pv.buscopareja.espana;0;3;100.0%
ru.funspirit.daily_shop;0;3;100.0%
studio.pvs.t_shirtdesignstudio;0;3;100.0%
ua.com.footplay.meriradionanny.free;0;3;100.0%
alberapps.android.tiempobus;0;2;100.0%
apps.one.learn.draw;0;2;100.0%
cn.museedu.weatherspain;0;2;100.0%
color.dev.com.whatsremoved;0;2;100.0%
com.appxy.tinyscanner;0;2;100.0%
com.beruby.app;0;2;100.0%
com.bubblesoft.android.bubbleupnp;0;2;100.0%
com.byprox.swinger;0;2;100.0%
com.coingecko.coingeckoapp;0;2;100.0%
com.cuatroochenta.subusalcoy;0;2;100.0%
com.denite.watchface.chromeleather;0;2;100.0%
com.denite.watchface.classicblack;0;2;100.0%
com.denite.watchface.metalglow;0;2;100.0%
com.destinia.m;0;2;100.0%
com.dotcompanionapp;0;2;100.0%
com.echevarne.app;0;2;100.0%
com.editorialbuencamino.buencamino;0;2;100.0%
com.estaciona.epay;0;2;100.0%
com.etraid.ecove.GIC;0;2;100.0%
com.firelease.manpower.app;0;2;100.0%
com.firststep.app;0;2;100.0%
com.game.bluewhale.recycle.bin;0;2;100.0%
com.garmin.android.apps.gecko;0;2;100.0%
com.google.android.apps.walletnfcrel;0;2;100.0%
com.iberojet.app;0;2;100.0%
com.iz.my.doctor.hospital.kids.world.life.town.pretend.play.games;0;2;100.0%
com.joinqoala.qoala;0;2;100.0%
com.kii.safe;0;2;100.0%
com.klepierre.loyalty_program_nueva_condomina;0;2;100.0%
com.learnspanish.android;0;2;100.0%
com.manomano;0;2;100.0%
com.meteociel.fr;0;2;100.0%
com.passtrack.nitb.gov.pk;0;2;100.0%
com.phonegap.eca.calculator;0;2;100.0%
com.PinkbirdStudio.PhotoPerfectSelfie;0;2;100.0%
com.rhmsoft.pulsar;0;2;100.0%
com.rituals.app.prod;0;2;100.0%
com.superherouesmod.app;0;2;100.0%
com.swd.tracker;0;2;100.0%
com.telodoygratis;0;2;100.0%
com.tgif.me;0;2;100.0%
com.tripledot.woodoku;0;2;100.0%
com.ua.makeev.antitheft;0;2;100.0%
com.viajessancecilio.capillarealdegranada;0;2;100.0%
com.viajessancecilio.catedraldegranada;0;2;100.0%
com.wendoo;0;2;100.0%
com.yonomi;0;2;100.0%
de.mypostcard.app;0;2;100.0%
e_leclerc.es.app;0;2;100.0%
es.neverlate.dany_barbershop;0;2;100.0%
es.neverlate.iki_nails;0;2;100.0%
es.neverlate.matalobos;0;2;100.0%
fr.meteo;0;2;100.0%
gal.xunta.gaio;0;2;100.0%
ifac.td.taxi;0;2;100.0%
kegel.kegelexercises.pelvicfloor.pfm;0;2;100.0%
me.ringapp;0;2;100.0%
net.universia.uspceu;0;2;100.0%
net.wooga.junes_journey_hidden_object_mystery_game;0;2;100.0%
pcc.cleancleaner.app;0;2;100.0%
renta.n2020;0;2;100.0%
se.quartr.android;0;2;100.0%
site.auro.rider;0;2;100.0%
tv.pluto.android;0;2;100.0%
air.daypo;0;1;100.0%
amour.com.max.rencontres;0;1;100.0%
be.fgov.govapp;0;1;100.0%
ceab.movelab.tigatrapp;0;1;100.0%
co.tapcart.app.id_n4FVYKsGvF;0;1;100.0%
com.a9wal.hikam.amtal.love.houb;0;1;100.0%
com.accurate.weather.forecast.live.radar;0;1;100.0%
com.aigostar.aigou;0;1;100.0%
com.ajaxsystems.alarma3d;0;1;100.0%
com.anymacar.gtrdrive;0;1;100.0%
com.areavisuale.mobilifiver;0;1;100.0%
com.assistcard.assistcard;0;1;100.0%
com.banconacion.bnamas;0;1;100.0%
com.benoitletondor.pixelminimalwatchface;0;1;100.0%
com.breadflix.android;0;1;100.0%
com.callpod.android_apps.keeper;0;1;100.0%
com.CaseIH.CaseIHVirtualExperience;0;1;100.0%
com.cats.hospital_injections;0;1;100.0%
com.clansoft.tacticalpadintlite;0;1;100.0%
com.cornershopapp.android;0;1;100.0%
com.cxinventor.file.explorer;0;1;100.0%
com.digizone.sushi81;0;1;100.0%
com.dobroapps.anti.stress.toys;0;1;100.0%
com.doublefun.moneyflow;0;1;100.0%
com.edriving.mentor.ddpeu;0;1;100.0%
com.ejie.aa74m;0;1;100.0%
com.fgs.spider.miami.man.ropehero.fighter;0;1;100.0%
com.fhag.HospitalGranollers;0;1;100.0%
com.foodbooking.clientapp;0;1;100.0%
com.foqii.phone.clean.booster.cleaner.master;0;1;100.0%
com.freemusic.offline.usa;0;1;100.0%
com.freshperts.app;0;1;100.0%
com.frph.stonegrass;0;1;100.0%
com.galp.galpcard.release;0;1;100.0%
com.GameTap.MonsterTruckStuntsDrivingSimulator;0;1;100.0%
com.google.android.apps.tasks;0;1;100.0%
com.gp.offroad.bus.driving.parking;0;1;100.0%
com.greencopper.legarage;0;1;100.0%
com.guanxe.guanxeapp;0;1;100.0%
com.hippo.Hairsalon;0;1;100.0%
com.hippo.SnowQueen;0;1;100.0%
com.hippo_kids_games.girls_dress_up.newborn_baby_care;0;1;100.0%
com.housee.app;0;1;100.0%
com.hugelettuce.nft;0;1;100.0%
com.iabuzz.puzzle4kidsAnimals;0;1;100.0%
com.indigokids.mashamakeup;0;1;100.0%
com.it4you.stethoscope;0;1;100.0%
com.kfaraj.notepad;0;1;100.0%
com.kindara.pgap;0;1;100.0%
com.LeagueofComicGeeks.app2;0;1;100.0%
com.letsappbuilder;0;1;100.0%
com.lluraferi.autoserviciomotorista;0;1;100.0%
com.maroc.zawaj;0;1;100.0%
com.Metrafilms.KidECatsDollHouse;0;1;100.0%
com.monese.monese.live;0;1;100.0%
com.multimos.gv;0;1;100.0%
com.nintendo.znma;0;1;100.0%
com.onegame.rocket.wuggytower;0;1;100.0%
com.opinno.metrosevilla;0;1;100.0%
com.oriflame.oriflame;0;1;100.0%
com.outsystem.retailersow.SCFHomeBankingApp;0;1;100.0%
com.perfumesclub.app;0;1;100.0%
com.pinguinitatticinucleari;0;1;100.0%
com.poisee.vestigios_guerra_civil;0;1;100.0%
com.puteko.colarmix;0;1;100.0%
com.recetix;0;1;100.0%
com.santalucia.apc;0;1;100.0%
com.sashaselyacov.alexandra4.horror;0;1;100.0%
com.secb.mysecb;0;1;100.0%
com.semicinternet.vilaconnect;0;1;100.0%
com.seven.fnf.battle.music.rap;0;1;100.0%
com.spreaker.android.studio;0;1;100.0%
com.starstable.horses;0;1;100.0%
com.statussaver.directchatstatussaverapp;0;1;100.0%
com.synthify.hypesimulator;0;1;100.0%
com.technaxx.easyip;0;1;100.0%
com.tt.toddler.songs.tunes.fun.games;0;1;100.0%
com.tutotoons.app.candylockshairsalon.free;0;1;100.0%
com.tutotoons.app.mybabyunicorn.free;0;1;100.0%
com.velitessport.app;0;1;100.0%
com.viber.voip;0;1;100.0%
com.vidibond.alientaRA;0;1;100.0%
com.vincentb.MobControl;0;1;100.0%
com.was.zoo.horse.truck.transporter.truck;0;1;100.0%
com.weebly.faebir.safebabymontrial;0;1;100.0%
com.zawaj.tayseerzawag;0;1;100.0%
com.zerca.mobile.android.zerca.pro;0;1;100.0%
com.zhander;0;1;100.0%
es.pangea.pangeaevents;0;1;100.0%
es.syon.o_mobile;0;1;100.0%
es.transfinite.emojieditor;0;1;100.0%
es.vodafone.mobile.mivodafone;0;1;100.0%
family.tracker.my;0;1;100.0%
gg.gamerlink.gamerlink;0;1;100.0%
huepix.grapicdesigner;0;1;100.0%
info.parsec.mutuamontanesa;0;1;100.0%
line.color.adventure;0;1;100.0%
media.music.musicplayer.mp3player;0;1;100.0%
mnw.mcpe_maps;0;1;100.0%
net.cme.voyo.ro;0;1;100.0%
net.musopia.fourchordsjustin;0;1;100.0%
pau.um.es;0;1;100.0%
sa.gov.nic.tawakkalna;0;1;100.0%
se.skanetrafiken.washington;0;1;100.0%
skywave.ideasld;0;1;100.0%
uk.co.buses;0;1;100.0%
us.bark.chromebook;0;1;100.0%
watch.richface.androidwear.evander;0;1;100.0%
com.lluraferi.munichshop;1;129;99.22%
com.lluraferi.ventananatural;1;86;98.84%
com.lluraferi.furgocarnes;1;61;98.36%
com.nest.android;1;7;85.71%
com.google.android.street;1;6;83.33%
qrcodereader.barcodescanner.scan.qrscanner;1;6;83.33%
com.coolniks.niksgps;1;5;80.0%
com.yourtravelmates;1;5;80.0%
vidmob.cutvideo.trimvideo.mixer;1;5;80.0%
com.tips.podkljuchitnaushniki;1;4;75.0%
worldsummits.ramLabs.namespace;1;4;75.0%
com.forfamesmash;1;3;66.67%
com.lavendrapp.lavendr;1;3;66.67%
com.log.whatshistory;1;3;66.67%
com.mb.playerpotentials19;1;3;66.67%
com.oplayer.avonsmart;1;3;66.67%
com.usablenet.vueling.avios;1;3;66.67%
it.webxperience;1;3;66.67%
nl.deckeron.apps.innerfire;1;3;66.67%
com.bestsecret.main;1;2;50.0%
com.correosexpress.app;1;2;50.0%
com.hotti.android;1;2;50.0%
com.jbl.partybox;1;2;50.0%
com.lacroix.mobile;1;2;50.0%
com.livestream.mevo;1;2;50.0%
com.marchamalo;1;2;50.0%
com.rodrigmatrix.weatheryou;1;2;50.0%
com.situame.autobuses;1;2;50.0%
com.spd.stream.dv.wcar;1;2;50.0%
es.redsys.walletmb.app.cajasur.pro;1;2;50.0%
football.europeanleague.elf;1;2;50.0%
citas.entu.ciudad;1;1;0.0%
com.digiwards.app;1;1;0.0%
com.fcproject.followers;1;1;0.0%
com.hisense.juconnect.connectlife;1;1;0.0%
com.yeelight.cherry;1;1;0.0%
es.ecoveritas.veritas;1;1;0.0%
com.andrzejsalwin.carfuellog;1;0;100.0%
com.db.pbc.DBPay;1;0;100.0%
com.freshnews.fresh;1;0;100.0%
com.gofiotec.CitasClient;1;0;100.0%
com.lluraferi.barrabes;1;0;100.0%
com.tachanfil.periodicosdominicanos;1;0;100.0%
es.medusasibiza;1;0;100.0%
films.nixac.fanfightclub;1;0;100.0%
idu.com.mmsf.mmimusicstreamingfree;1;0;100.0%
lineaVerde.App;1;0;100.0%
nl.randstad.planning;1;0;100.0%
retalis.com.rutappa;1;0;100.0%
ua.gov.diia.app;1;0;100.0%
com.google.android.apps.docs.editors.slides;2;398;99.5%
com.mercawhat.mercawhat;2;251;99.2%
com.diariodearousa.android;2;236;99.15%
com.opennemas.nosdiario;2;118;98.31%
com.lluraferi.partyfiesta;2;105;98.1%
es.cambalache.android;2;86;97.67%
com.todosfolletosapp;2;61;96.72%
app.Influxy.app;2;46;95.65%
com.ibmapp;2;36;94.44%
com.softwarekoibox.embellecetbeautysalon;2;32;93.75%
com.lluraferi.kuvut;2;31;93.55%
com.live.earth.map.gps.navigation.directions.streetview.speedometer.satellite.webcam;2;27;92.59%
cz.fishsurfing.fishsurfing;2;24;91.67%
es.inforapps.elmonin;2;23;91.3%
com.appwallet.outline;2;21;90.48%
my.birthdayreminder;2;21;90.48%
com.food.calories;2;19;89.47%
com.mmmobileapps.topjobs;2;18;88.89%
au.com.aershov.uvmate;2;17;88.24%
salas.dechatligaramistadamorcitas;2;17;88.24%
salon.haircolor.womanhairstyle.hairstylechanger;2;17;88.24%
com.accurate.weather.forecast.weather.live;2;16;87.5%
com.yablio.sendfilestotv;2;16;87.5%
com.bycro.photobender;2;15;86.67%
com.FDGEntertainment.redball4.gp;2;15;86.67%
com.unbound.android.medl;2;14;85.71%
com.xenonstudio.serversformcpe;2;14;85.71%
splits.splitstraining.dothesplits.splitsin30days;2;14;85.71%
com.muslim.social.app.muzapp;2;13;84.62%
com.neoxonika.drawhedgehog;2;13;84.62%
org.mistergroup.shouldianswer;2;13;84.62%
rocks.tommylee.apps.dailystoicism;2;13;84.62%
buttocksworkout.hipsworkouts.forwomen.legworkout;2;12;83.33%
com.easybrain.find.the.difference;2;12;83.33%
burger.gutscheine.deals.bgk;2;11;81.82%
chat.deligueamoryamistad;2;11;81.82%
com.app.lock.fingerprint.privacy.guard;2;11;81.82%
com.caresca.pasteleriayreposteria;2;11;81.82%
com.entertaininglogixapps.gps.navigation.currency.converter.weather.map;2;11;81.82%
com.harrisapps.kika;2;11;81.82%
com.phongphan.miracast;2;11;81.82%
com.sec.penup;2;11;81.82%
com.tmrow.electricitymap;2;11;81.82%
com.tvapp.remote.tvremote.universalremote;2;11;81.82%
com.usedcars.germany;2;11;81.82%
com.abanca.bancaempresas;2;10;80.0%
com.google.android.apps.wallpaper;2;10;80.0%
com.happyconz.blackbox;2;10;80.0%
com.martianmode.applock;2;10;80.0%
com.all.video.downloader.fast.downloading.video.saver.browser;2;9;77.78%
com.compassapp.compassfree;2;9;77.78%
com.findmybluetooth.headset.headphones.devices;2;9;77.78%
com.mapfre.inversion;2;9;77.78%
com.nbz.phonekeeper;2;9;77.78%
com.plantid.picturethis.plantin.plantsnap.natureid;2;9;77.78%
ml.colorize.app;2;9;77.78%
myhome.kdomo.com;2;9;77.78%
com.download.hdvideos.videodownloader;2;8;75.0%
com.heartfull.forms;2;8;75.0%
com.iforpowell.android.ipantman;2;8;75.0%
com.jerapah.spywaee;2;8;75.0%
com.lgremote.view;2;8;75.0%
com.makeup.beauty.face.facebeauty.camera;2;8;75.0%
com.mcontigo.LMEM;2;8;75.0%
com.ralarosoft.futboltele;2;8;75.0%
com.renaldiabetic.diet;2;8;75.0%
com.samremote.view;2;8;75.0%
com.soniremote.view;2;8;75.0%
water.eject.speaker.cleaner;2;8;75.0%
com.childcareon.campuson;2;7;71.43%
com.compsaonline.laciutatapp;2;7;71.43%
com.furniture.mods.minecraft.mcpe;2;7;71.43%
com.machy1979ii.intervaltimer;2;7;71.43%
com.rabbitrally.nav2droid;2;7;71.43%
helectronsoft.com.live.wallpaper.pixel4d;2;7;71.43%
intechsolutions.photorestore;2;7;71.43%
pt.tetrapi.spotazores;2;7;71.43%
com.appmystique.coverletter;2;6;66.67%
com.bereal.ft;2;6;66.67%
com.bikaba.skineditor4minecraft;2;6;66.67%
com.EdiresaApps.FlashDiscoteca;2;6;66.67%
com.flamingo.animator;2;6;66.67%
com.home.shelly;2;6;66.67%
com.jaimefranko.fitpro;2;6;66.67%
com.justalk.kids.android;2;6;66.67%
com.music.player.mp3player.white;2;6;66.67%
com.screenmirrorapp;2;6;66.67%
com.simple4droid.misnoticias;2;6;66.67%
com.vysionapps.face28;2;6;66.67%
digifit.virtuagym.client.android;2;6;66.67%
pl.nenter.app.bubblelevel;2;6;66.67%
ringtone.maker;2;6;66.67%
animalringtones.birdcallssoundsandringtones.animalsoundsandringtones;2;5;60.0%
b4a.zephyr;2;5;60.0%
block.puzzle.sudoku.free.game.classic.offline;2;5;60.0%
com.a380apps.weddingcards;2;5;60.0%
com.artiomapps.hairstyles;2;5;60.0%
com.AutoDataNet.app;2;5;60.0%
com.ClassicNokiaRingtones.osdnahtcfa;2;5;60.0%
com.codenia.garagedoor;2;5;60.0%
com.demarque.cervantes;2;5;60.0%
com.dewmobile.kuaiya.web;2;5;60.0%
com.drawingskool.encantocoloring;2;5;60.0%
com.grupocorredoira.shadowtracker;2;5;60.0%
com.halfbrick.fruitninjafree;2;5;60.0%
com.humidity.checker.intouch;2;5;60.0%
com.landxcaperobotics.landxcape;2;5;60.0%
com.microsoft.sharepoint;2;5;60.0%
com.mytello.dialup;2;5;60.0%
com.onetap.beadscreator;2;5;60.0%
com.onetap.bit8painter;2;5;60.0%
com.playoffinformatica.fmm;2;5;60.0%
com.Simpatico.My.Photo.Background.Keyboard;2;5;60.0%
com.wastickerapps.dinosaur.stickers.dino;2;5;60.0%
hr.mireo.arthur;2;5;60.0%
amuseworks.thermometer;2;4;50.0%
com.barisefe.spainnewspapers;2;4;50.0%
com.bizapp.photoeditorcollage;2;4;50.0%
com.blackboard.android.bbstudent;2;4;50.0%
com.coconutica.acapellaeditor;2;4;50.0%
com.DreamNeonCarsLiveWallpaperHD;2;4;50.0%
com.edgelighting.colors.borderlight.magicledlite;2;4;50.0%
com.endless.breakfastrecipes;2;4;50.0%
com.farmavazquezjqnfvz.appfidelizacion;2;4;50.0%
com.funbox.englishkid;2;4;50.0%
com.gasnatural.appocrcustomer;2;4;50.0%
com.izicomics.app;2;4;50.0%
com.kermed.thermometer;2;4;50.0%
com.kriam.secret.diary;2;4;50.0%
com.locategy.family;2;4;50.0%
com.martomdev.pillsontime;2;4;50.0%
com.natewren.linesfree;2;4;50.0%
com.panda.app.earthquake;2;4;50.0%
com.radiofm.freeradio;2;4;50.0%
com.tayu.tau.pedometer;2;4;50.0%
de.autodoc.club;2;4;50.0%
it.ale32thebest.simserialnumber;2;4;50.0%
loseweight.formen.homeworkouts;2;4;50.0%
net.jarcode.mitja;2;4;50.0%
oops.ledscroller;2;4;50.0%
co.zelf.app;2;3;33.33%
com.AndroidA.MediaConverter;2;3;33.33%
com.caracter.personalidad;2;3;33.33%
com.corepix.videorecording;2;3;33.33%
com.google.android.apps.wifisetup.app;2;3;33.33%
com.GuideForHotWheelsUnlimited;2;3;33.33%
com.HomeGardenDesignIdeas.awanapp;2;3;33.33%
com.innovationmobileapps.bodytemperature;2;3;33.33%
com.klygo.app;2;3;33.33%
com.myGuidoo.tsp.elTaxi;2;3;33.33%
com.redpiso.app;2;3;33.33%
com.smsrobot.period;2;3;33.33%
com.tinybyteapps.robyte;2;3;33.33%
eu.barbeito.buscoruna;2;3;33.33%
free.robuxgame;2;3;33.33%
net.chordify.chordify;2;3;33.33%
org.geogebra.android;2;3;33.33%
com.hungrybolo.remotemouseandroid;2;2;0.0%
com.keblarsolutions.futsal;2;2;0.0%
com.motordata.obd;2;2;0.0%
com.MultiExpo.pulpiandroid;2;2;0.0%
com.piksoft.turboscan.free;2;2;0.0%
com.profilelog.android;2;2;0.0%
com.sage.hr;2;2;0.0%
com.wdc.wd2go;2;2;0.0%
es.josemiguelrodriguez.buscazon;2;2;0.0%
es.navarra.educacion.educaNA;2;2;0.0%
link.merge.puzzle.onnect.number;2;2;0.0%
paolo4c.gts.watchfaces;2;2;0.0%
com.alllatestnews.espana.noticias;2;1;50.0%
com.aomatatech.datatransferapp.filesharing;2;1;50.0%
com.auroraclimbing.kilterboard;2;1;50.0%
com.bitbox.ikeafamily;2;1;50.0%
com.coyotesystems.android;2;1;50.0%
com.epg.programaciontv;2;1;50.0%
com.giobat.troviamoci;2;1;50.0%
com.graph.weather.forecast.channel;2;1;50.0%
com.jgapps.expenless;2;1;50.0%
com.kiransmoothie.kiranchavan.juicerecipe;2;1;50.0%
com.niveliv.AppWebTTIPubSelectiva;2;1;50.0%
com.patook.patook;2;1;50.0%
com.sawbonadev.eltenedor;2;1;50.0%
com.semillaproyectos.blancospeluqueros;2;1;50.0%
com.senapps.rtsendirect;2;1;50.0%
com.storytoys.lego.duplo.world.kids.play.free.friends.animals.android.googleplay;2;1;50.0%
com.themausoft.pvpcapp;2;1;50.0%
com.tier.tramuntana;2;1;50.0%
com.tplink.skylight;2;1;50.0%
com.visiotalent.app;2;1;50.0%
com.xsplit.webcam;2;1;50.0%
cz.master.lois;2;1;50.0%
de.cprosoft.navship;2;1;50.0%
es.i2a.cronos;2;1;50.0%
es.juntadeandalucia.portavoz;2;1;50.0%
linea.directa;2;1;50.0%
myanimez.com;2;1;50.0%
net.slideshare.mobile;2;1;50.0%
watch.richface.androidwear.digitalvision;2;1;50.0%
app.bubu;2;0;100.0%
com.ahfad.cbrlite;2;0;100.0%
com.airvapps.realkittcar;2;0;100.0%
com.algorand.android;2;0;100.0%
com.birdinox.sharpenvideo;2;0;100.0%
com.cettire.storeapp;2;0;100.0%
com.cleanmaster.ultra;2;0;100.0%
com.cursossepe.cursossepe;2;0;100.0%
com.endalia.mobile.ao;2;0;100.0%
com.eugibo.asmrtriggers;2;0;100.0%
com.fashbell966.hasan.fashbellpro400190;2;0;100.0%
com.foreverbilisim.evlilikislami;2;0;100.0%
com.gbdownload.version;2;0;100.0%
com.gedsportsmobile;2;0;100.0%
com.glympse.android.glympse;2;0;100.0%
com.happyneko.stickit;2;0;100.0%
com.helectronsoft.free.live.wallpaper.parallax.background;2;0;100.0%
com.ikeyboard.theme.aesthetic;2;0;100.0%
com.itmyti.bbcspanish;2;0;100.0%
com.kamisoft.babynames;2;0;100.0%
com.klepierre.loyalty;2;0;100.0%
com.lehreer.glucose;2;0;100.0%
com.mahle.sbs;2;0;100.0%
com.martinsdevguys.topmessenger;2;0;100.0%
com.mindtwisted.kanjistudy;2;0;100.0%
com.nglreactnative;2;0;100.0%
com.pieyel.scrabble;2;0;100.0%
com.preving.tps;2;0;100.0%
com.psycatgames.nhiegame;2;0;100.0%
com.raisingapps.transparentlauncher.screenlivewallpaper;2;0;100.0%
com.real.RealPlayerMobile;2;0;100.0%
com.rs.GNote4Ringtones;2;0;100.0%
com.sashaselyacov.alice.horror;2;0;100.0%
com.sertanta.textonphoto2.tepho;2;0;100.0%
com.tocapp.crownfronton;2;0;100.0%
com.tom.raibowtodolist;2;0;100.0%
com.unicorn.hugy.craft.fps;2;0;100.0%
com.videoruletka.chatrandomvideo;2;0;100.0%
com.wgou.cleaner;2;0;100.0%
com.whatweb.clone;2;0;100.0%
com.wuopo.wuopo;2;0;100.0%
dev.kraimoz.mangex;2;0;100.0%
dev.rokitskiy.miband;2;0;100.0%
digital.raisin;2;0;100.0%
es.ceca.cajalnet;2;0;100.0%
free.video.downloader.converter.music;2;0;100.0%
gal.xunta.abalarprofes;2;0;100.0%
hdvideod.videomediahd.videosvideoplayer;2;0;100.0%
innotest.testguardiacivil2018;2;0;100.0%
io.abaq.mobile;2;0;100.0%
kynguyen.app.mirror;2;0;100.0%
lddan.tik.followers;2;0;100.0%
mnw.mcpe;2;0;100.0%
nessundorma.com.nessun;2;0;100.0%
org.cathalac;2;0;100.0%
recover.deleted.data.mobile.data.recovery.app.diskdigger;2;0;100.0%
twittervideodownloader.twitter.videoindir.savegif.twdown;2;0;100.0%
com.Generali.AppMaster;3;44;93.18%
br.com.vw.connected.car.argentina;3;29;89.66%
com.calendar.schedule.event;3;27;88.89%
skywave.antistress;3;14;78.57%
com.draweasy5.dbzdbs5;3;12;75.0%
com.draweasy5.peppo5;3;12;75.0%
nocrop.photoeditor.squarepic;3;11;72.73%
com.geoactio.matarobus;3;10;70.0%
es.cecabank.ealia2091appstore;3;10;70.0%
es.mahou.rentabilibar;3;10;70.0%
com.desygner.certificates;3;9;66.67%
com.jrtstudio.AnotherMusicPlayer;3;9;66.67%
us.mirrorlink.mirrorlinkandroid.carconnector.screenmirroring;3;9;66.67%
com.appxstudio.blenderdoubleexposure;3;6;50.0%
com.strlabs.appdietas;3;6;50.0%
com.canadakarima.dating;3;5;40.0%
com.techbyneo.allvehicleverify;3;5;40.0%
es.pibank.customers;3;5;40.0%
posteitaliane.posteapp.appposteid;3;5;40.0%
com.fiatc;3;4;25.0%
com.ring.answer;3;4;25.0%
mmapps.mobile.magnifier;3;4;25.0%
com.business.postermaker;3;3;0.0%
com.camscanner.documentscanner.pdfscanner.textscanner.photos.scanner;3;3;0.0%
com.desicsl.milinea;3;3;0.0%
com.digitalchemy.currencyconverter;3;3;0.0%
com.dropper.maps.parkour.spiral.fall.mega;3;3;0.0%
com.freemusic.offline.bus;3;3;0.0%
com.labs.merlinbirdid.app;3;3;0.0%
es.orangebank.app;3;3;0.0%
chat.unionylibertad;3;2;33.33%
com.aresmp3music.musicaresmp3free333;3;2;33.33%
com.bicentenarioking.chatadolescente;3;2;33.33%
com.playmebit.android.stwidoctus.idoctussemi;3;2;33.33%
com.simyo;3;2;33.33%
es.doctoralia;3;2;33.33%
novelas.yseriesgratis2;3;2;33.33%
com.lebara.milebara;3;1;66.67%
io.neuromobile.villena;3;1;66.67%
photo.video.instasaveapp;3;1;66.67%
watts.abbeygoldenpluslastseentracker2;3;1;66.67%
canadianmeet.dating.chatsingles.friends;3;0;100.0%
com.freephotoframes.familyphotoframes;3;0;100.0%
com.javyo.app;3;0;100.0%
com.parlem.telecom;3;0;100.0%
com.yy.freemusic.global2020;3;0;100.0%
no.bstcm.loyaltyapp.el;3;0;100.0%
com.pizzeriascarlos.pizzeriascarlos;4;176;97.73%
yogaworkout.dailyyoga.go.weightloss.loseweight;4;87;95.4%
mobi.lockdown.weather;4;82;95.12%
app.oktransit.bilbao;4;79;94.94%
com.tiim.tradinggame;4;63;93.65%
weather.forecast.live.weather;4;63;93.65%
com.bosenko.watchfaceblack;4;41;90.24%
com.cupidmedia.wrapper.dominicancupid;4;37;89.19%
com.cupidmedia.wrapper.latinamericancupid;4;36;88.89%
com.ginortcar.recetas.comida.casera;4;33;87.88%
fourbottles.bsg.workinghours4b;4;33;87.88%
com.apstech.howolddoyoulooklike.app;4;28;85.71%
com.video.light.best.callflash;4;28;85.71%
bigvu.com.reporter;4;26;84.62%
com.dreamgames.royalmatch;4;24;83.33%
com.booster.gameboostermega;4;23;82.61%
com.sweetsugar.cards;4;23;82.61%
com.senales.ley.transito.app.espana;4;22;81.82%
com.duocards.app;4;21;80.95%
com.peoplecall.nubefone;4;18;77.78%
me.tomhicks.asketchaday;4;17;76.47%
com.legitapp.client;4;16;75.0%
com.mobilesoft.escuelaespaldaandroid;4;16;75.0%
com.olxmena.horizontal;4;16;75.0%
us.nonda.zus;4;16;75.0%
es.latiendaencasa.ofertas;4;15;73.33%
com.greetingsisland.sam;4;14;71.43%
co.refsix;4;13;69.23%
com.mi.calendar.agenda;4;13;69.23%
com.usakha.genshinstickers;4;13;69.23%
ovh.sauzanaprod.predictionfootbis;4;13;69.23%
com.daily.holybiblelite;4;11;63.64%
com.spc.support;4;11;63.64%
com.parallels.client;4;10;60.0%
com.zoemob.gpstracking;4;10;60.0%
es.odilo.bmarch;4;10;60.0%
com.jip.droid;4;9;55.56%
com.kongri.wastat;4;9;55.56%
com.offertadelgiorno.offertadelgiorno;4;9;55.56%
com.raed.drawing;4;9;55.56%
com.vitalmod.vincheck;4;9;55.56%
at.paysafecard.android;4;8;50.0%
com.boedec.hoel.speaker.cleaner.remove.water;4;8;50.0%
com.digibites.accubattery;4;8;50.0%
com.nextgen.eye.color.changer.lense.photoeditor;4;8;50.0%
com.opngo.live;4;8;50.0%
video.crop.audio;4;8;50.0%
cofs.haeven.photo.frame;4;7;42.86%
com.del.stickersanimados;4;7;42.86%
com.inglesdivino.vectorassetcreator;4;7;42.86%
com.mytowntonight.aviamap;4;7;42.86%
com.qrcodereader;4;7;42.86%
com.swapcard.apps.android.liveconnect;4;7;42.86%
com.twocatsapp.dailyhumor;4;7;42.86%
com.ultra;4;7;42.86%
app.geoloc;4;6;33.33%
asn.ark.miband5;4;6;33.33%
com.aadhk.vitalsigns;4;6;33.33%
com.aamirki.mappium;4;6;33.33%
com.ab.drinkwaterapp;4;6;33.33%
com.afterpaymobile.eu;4;6;33.33%
com.allvideodownloader.tubevideodownloaderapp;4;6;33.33%
com.app.calculator.vault.hider;4;6;33.33%
com.inditex.oysho;4;6;33.33%
com.shoppingapp.shopeeeasa;4;6;33.33%
com.SimplyEntertaining.photoblend;4;6;33.33%
com.tulotero;4;6;33.33%
com.wastickerapps.compas;4;6;33.33%
hdvideoplayer.hdvideodownloader.allmediaplayerhd;4;6;33.33%
hn.zip.unzip.compressfile.extractfile.compressfolder;4;6;33.33%
co.findship.FindShip2;4;5;20.0%
com.andromo.dev743350.app911966;4;5;20.0%
com.appstylelife.creadordeafiches;4;5;20.0%
com.chic.torch;4;5;20.0%
com.droidfoundry.calendar;4;5;20.0%
com.groupeseb.moncookeo;4;5;20.0%
com.gsesmartiptv.smartiptv;4;5;20.0%
com.kangproject.GuideYasaPet;4;5;20.0%
com.photo.vault.photos.photovault.photo.album.photoalbum;4;5;20.0%
com.rt.arabstable;4;5;20.0%
com.trivago;4;5;20.0%
in.gopalakrishnareddy.torrent;4;5;20.0%
liveearthmap.livesatelliteview.mylocation.streetviewmap;4;5;20.0%
puzzle.blockpuzzle.cube.relax;4;5;20.0%
ringtone.mp3.song.download;4;5;20.0%
cgd.pt.caixadirectaparticulares;4;4;0.0%
com.drewinx.miles;4;4;0.0%
com.empel.android.dommuss;4;4;0.0%
com.goodbarber.cibercuba;4;4;0.0%
com.hevy;4;4;0.0%
com.ladytimer.ovulationcalendar;4;4;0.0%
com.nashmigroup.zawaj;4;4;0.0%
com.nn.clientapp;4;4;0.0%
com.printful.app;4;4;0.0%
com.surfline.android;4;4;0.0%
com.tramite;4;4;0.0%
es.vivus.app.react;4;4;0.0%
mansoftware.rv;4;4;0.0%
uk.co.bbc.russian;4;4;0.0%
com.atlasdata.tafesire.alahelam;4;3;25.0%
com.irisstudio.pencilsketch;4;3;25.0%
com.payeer;4;3;25.0%
no.ruter.mobile;4;3;25.0%
com.digitalchemy.recorder;4;2;50.0%
com.mangareader.onlineapp;4;2;50.0%
com.nsantosgil.blablafishing;4;2;50.0%
com.cloudflare.onedotonedotonedotone;4;1;75.0%
com.smartworld.enhancephotoquality;4;1;75.0%
fr.doctolib.www;4;1;75.0%
nl.ticketapp.sale;4;1;75.0%
watch.richface.androidwear.cyber;4;1;75.0%
app.groupcal.www;4;0;100.0%
co.quanyong.pinkbird;4;0;100.0%
com.bestonlinenews.newsspain;4;0;100.0%
com.bestweatherfor.bibleoffline;4;0;100.0%
com.chanel.weather.forecast.accu;4;0;100.0%
com.cint.opinionapp;4;0;100.0%
com.conceptberria.wattion;4;0;100.0%
com.delaware.empark;4;0;100.0%
com.escaperadar.escaperadar;4;0;100.0%
com.factory.kimloaiza;4;0;100.0%
com.geoactio.avilabus;4;0;100.0%
com.gonliapps.learnspanish;4;0;100.0%
com.instaonline;4;0;100.0%
com.live.wea.widget.channel;4;0;100.0%
com.microsoft.lists.public;4;0;100.0%
com.minerva;4;0;100.0%
com.outfit7.talkingnewsfree;4;0;100.0%
com.pay4vend.pay4vend;4;0;100.0%
com.plentybits.globalpiso;4;0;100.0%
com.qnap.qfile;4;0;100.0%
com.smartbox.smartboxbeneficiary;4;0;100.0%
com.tasnim.colorsplash;4;0;100.0%
com.tb.mobiclean;4;0;100.0%
com.tedrasoft.music.maker;4;0;100.0%
com.vertaler.dees;4;0;100.0%
com.vialsoft.radares;4;0;100.0%
com.wastickerapps.stickers;4;0;100.0%
com.wWorldometerrealtimeworldstatistics;4;0;100.0%
com.xenstudio.birthdaycake.photoframe;4;0;100.0%
com.zyy.TakeThemOff;4;0;100.0%
es.plus.yomvi;4;0;100.0%
eu.virtualtraining.rouvy.android;4;0;100.0%
free.movies.tv.shows.films.series.v2;4;0;100.0%
image.photoedit.photogallery;4;0;100.0%
net.wooga.junes;4;0;100.0%
no.bstcm.loyaltyapp.parque;4;0;100.0%
org.mityc.geogasolineras;4;0;100.0%
pl.znanylekarz;4;0;100.0%
pt.sibs.android.mbway;4;0;100.0%
santa.biblia.reina.valera.gratis;4;0;100.0%
uk.co.bybus.move;4;0;100.0%
com.infovehiculo.nicolapps.infovehiculo;5;33;84.85%
com.studiosol.afinadorlite;5;14;64.29%
com.funeasylearn.english;5;12;58.33%
com.funeasylearn.romanian;5;12;58.33%
com.produpress.immoweb;5;11;54.55%
com.mingle.VenezuelaCupid;5;10;50.0%
es.muface.MufaceMovil;5;10;50.0%
us.mitene;5;10;50.0%
com.polarsteps;5;9;44.44%
com.music.slideshow.videoeditor.videomaker;5;7;28.57%
com.musulmankarima.dating;5;7;28.57%
com.stereo.app;5;7;28.57%
com.ume.shortcut;5;7;28.57%
com.amadeus.cmt.client.android;5;6;16.67%
com.silbonshop.app;5;6;16.67%
uk.co.teambobk.f1calendarfree;5;6;16.67%
com.jaga.ibraceletplus.smartwristband;5;5;0.0%
sfcapital.publictoiletinsouthaustralia;5;5;0.0%
com.macsoftex.portrait;5;4;20.0%
com.orthobullets.Bullets;5;4;20.0%
com.taxislibres.conductor;5;4;20.0%
com.trickiapps.periodicosespanoles;5;4;20.0%
fr.carburogaz.stations;5;4;20.0%
com.daikineurope.online.controller;5;3;40.0%
fitness.online.app;5;3;40.0%
com.klikin.lasantapizza;5;2;60.0%
fr.officinea.cleanbeauty;5;2;60.0%
com.apowersoft.mirror;5;1;80.0%
com.bancamarch.bancamovil;5;1;80.0%
com.mc.fixitformiband2;5;1;80.0%
com.streamlabs;5;1;80.0%
com.tiktokcounter.app;5;1;80.0%
com.juan.cenassaludables;5;0;100.0%
com.mobincube.eliminar;5;0;100.0%
com.ragdollweapon.master;5;0;100.0%
com.realdream.kidspolice;5;0;100.0%
com.riatech.cookbook;5;0;100.0%
com.stremio.one;5;0;100.0%
com.surgeapp.zoe;5;0;100.0%
com.tocaboca.tocahairsalon4;5;0;100.0%
net.kosev.rulering;5;0;100.0%
com.lluraferi.sprinter;6;728;99.18%
com.y29tv.live.tv.spain;6;123;95.12%
com.vocento.diariomontanes;6;86;93.02%
com.vocento.idealgranada;6;81;92.59%
com.paseaperros.app;6;63;90.48%
media.video.music.musicplayer;6;59;89.83%
com.wemeetsafe.app15430;6;55;89.09%
com.lluraferi.lolacasademunt;6;53;88.68%
com.screentime.rc;6;43;86.05%
com.iphoneringtones.roars;6;35;82.86%
com.appsmotor.facechecker;6;34;82.35%
com.b2binacatalog.hersteragarden;6;34;82.35%
com.eston.bikinibottoms;6;30;80.0%
com.nonoapps.aumentarmasamuscular;6;29;79.31%
com.imo.android.imoim;6;28;78.57%
uk.co.motork.drivek.it;6;28;78.57%
ru.mybook;6;26;76.92%
com.mydiabetes;6;20;70.0%
com.gls.preciodelaluzhoy;6;17;64.71%
com.philips.sleepmapper.root;6;17;64.71%
info.newsapps.science;6;17;64.71%
com.pixamotion;6;16;62.5%
reverse.video.effect.app;6;15;60.0%
com.jazz.jazzworld;6;13;53.85%
com.rubenmayayo.reddit;6;13;53.85%
yallashoot.shoot.yalla.com.yallashoot.newapp;6;13;53.85%
com.dailybits.foodjournal;6;12;50.0%
com.fossil.wearables.fossil;6;12;50.0%
com.barkibu.app;6;11;45.45%
com.circle.profile.picture.border.maker.dp.instagram;6;11;45.45%
com.internation.garageband.music;6;11;45.45%
com.scannerapp.pdfscanner.documentscaner.docscannerappforandroid;6;10;40.0%
com.bitso.wallet;6;9;33.33%
com.iyia.repost;6;9;33.33%
com.paradox.gold;6;9;33.33%
com.smartsoftasia.perfume;6;9;33.33%
com.tempo.video.edit;6;9;33.33%
com.bluefishapp.videotoaudio;6;8;25.0%
com.fintonic;6;8;25.0%
com.photo.editor.games.boy.hairstyle;6;8;25.0%
com.pixelkraft.edgelighting;6;8;25.0%
com.sportsevents.livescore;6;8;25.0%
ru.ieronio.penthouse;6;8;25.0%
ru.otkritki.greetingcard;6;8;25.0%
smartgr.vintage.furniture;6;8;25.0%
com.agus.espa.calendario;6;7;14.29%
com.brunoprankcall.fakecall.fakecallerid.encantobrunoprank;6;7;14.29%
com.cognivint.cimsg;6;7;14.29%
com.homewhiz.global;6;7;14.29%
com.vocento.autocasion;6;7;14.29%
littleappas.Football.wallpapers;6;7;14.29%
pdf.converter.imagetopdf.jpgtopdf.createpdf;6;7;14.29%
photo.smile.red.eyes.changer.color;6;7;14.29%
smart.tv.wifi.remote.control.samcontrol;6;7;14.29%
smartgr.bedroomdecoration.ideas;6;7;14.29%
com.gruiz.farmaguardia;6;6;0.0%
com.lezhin.comics;6;6;0.0%
com.risilis.filtrodechoro;6;6;0.0%
ru.otkritkiok.pozdravleniya;6;6;0.0%
com.womanlog;6;5;16.67%
seat.code.giravolta.inurbastockholm;6;5;16.67%
assistencia.sanitaria.asc;6;4;33.33%
com.kydemy.mobile;6;4;33.33%
com.stonegate.mypub.iorder;6;4;33.33%
com.turner.tooncup;6;4;33.33%
com.benderdating.app;6;3;50.0%
com.psma.videomerge;6;3;50.0%
net.one97.paytm;6;3;50.0%
nl.moboa.myclay;6;3;50.0%
org.lds.bom;6;2;66.67%
com.kinky.fetlifestyle;6;1;83.33%
com.monisnap.allo;6;1;83.33%
com.omo.systems;6;1;83.33%
app.com.neinver.simply;6;0;100.0%
com.appmystique.businesscardmaker;6;0;100.0%
com.cocoa.parentalwa;6;0;100.0%
com.codeedifice.splitvideo;6;0;100.0%
com.colt;6;0;100.0%
com.ehf.app.android;6;0;100.0%
com.juduku.juduku;6;0;100.0%
com.kn.whoviewed;6;0;100.0%
com.psma.audioextractor;6;0;100.0%
com.redlucky.lockscreen.pattern;6;0;100.0%
com.revolut.business;6;0;100.0%
com.speakandtranslate.voicetranslator.alllanguages;6;0;100.0%
com.Stickers;6;0;100.0%
com.tiptapgames.pixel.cars;6;0;100.0%
com.tpx.top80bestringtones.newringtones;6;0;100.0%
com.twitter.android;6;0;100.0%
com.vitesia.soib;6;0;100.0%
com.yougov.mobile.online;6;0;100.0%
es.dae.cityxerpa;6;0;100.0%
hai.lior.ukaleletunerfree;6;0;100.0%
hippeis.com.photochecker;6;0;100.0%
org.telegram.plus;6;0;100.0%
w2a.W2Awww.lauramakeria.com;7;108;93.52%
com.lluraferi.xti;7;62;88.71%
com.scorp.wholite;7;26;73.08%
com.vivaz.vivazsalud;7;24;70.83%
com.scorp.who;7;23;69.57%
com.estmob.android.sendanywhere;7;22;68.18%
com.herreralemus.iv100.client;7;19;63.16%
squarepic.photogrid.squaregrid;7;19;63.16%
be.rtbf;7;16;56.25%
com.mexic.memes.stickers;7;12;41.67%
urmytype.app;7;11;36.36%
com.nestsport.sim;7;10;30.0%
reina.valera.nuevo.testamento;7;8;12.5%
com.apptastico.manualdeprimerosauxilios;7;7;0.0%
com.coches.app.android;7;7;0.0%
com.netease.newsreader.activity;7;7;0.0%
discover.color.clothes;7;7;0.0%
com.skylb.hola.app;7;6;14.29%
com.verti.vertidriver;7;6;14.29%
com.tronlinkpro.wallet;7;5;28.57%
com.corecitizenmobile.android;7;4;42.86%
com.random.chat.app;7;3;57.14%
com.sagales.appcorporativa;7;3;57.14%
tv.uscreen.torosenespana;7;3;57.14%
com.rstream.crafts;7;1;85.71%
com.binh.saphira.anime;7;0;100.0%
com.cyberlink.powerdirector.DRA140225;7;0;100.0%
com.interactvty.interactvtymobile.interactvty.fundacion;7;0;100.0%
com.watch.richface.shield;7;0;100.0%
espanachat.uh;7;0;100.0%
org.aleteia.presse;7;0;100.0%
com.cepsa.cepsa;8;130;93.85%
com.wallpaperhd.pikapikawallpaper;8;68;88.24%
com.thmobile.logomaker;8;56;85.71%
es.canarias7.android.rss;8;43;81.4%
com.lyrebirdstudio.collage;8;39;79.49%
com.volio.layout.photocollage.collagemaker;8;35;77.14%
com.alboran.corazon;8;31;74.19%
com.gasall;8;31;74.19%
com.gospace.trasplantehemato2022;8;29;72.41%
com.opalaplicacionesmoviles.cdscmetladehesa;8;25;68.0%
com.project.vivareal;8;25;68.0%
com.brandbassadoras.brandbassador;8;24;66.67%
com.fesalyteranysa.canales.tdt.espana.tv;8;24;66.67%
com.repotools.whatplay;8;24;66.67%
com.limatech.dayschallenge.dayschallenge;8;20;60.0%
com.playground.androidapp;8;20;60.0%
littleappas.tvshelves;8;19;57.89%
com.VAD.Short.Dress.Girl.Photo.Montage;8;18;55.56%
littleappas.garden.designs;8;18;55.56%
com.baiwang.squareblend;8;17;52.94%
com.mason.wooplus;8;16;50.0%
com.gaiamtv;8;14;42.86%
com.kawaii.cute.wallpaper.kawaii.hdwallpaper;8;13;38.46%
com.pastelwallpaper.colorscutewallpapers.kawaianime.girlycute.offlinebackgrounds.aesthetic;8;13;38.46%
com.popularapp.sevenmins;8;13;38.46%
voiceapp.AlexaCommands;8;13;38.46%
com.musicdavay.com;8;12;33.33%
com.muzmatch.muzmatchapp;8;12;33.33%
com.comrecapps.postres.caseros.faciles;8;11;27.27%
com.asiainno.uplive.aiglamour;8;10;20.0%
com.comrecapps.recetas.comida.casera;8;10;20.0%
com.vilanova.app;8;10;20.0%
com.cliomuseapp.cliomuseapp;8;9;11.11%
com.smartmob.six.pack.photo.editor.real;8;9;11.11%
com.miband5.face.watches.download.face.changer.miband.watch;8;8;0.0%
com.tochkiinteresacadence;8;8;0.0%
es.wedothebest.loop;8;8;0.0%
com.correctspelling.checker;8;7;12.5%
com.digitalplumecompany.boostyourteam;8;7;12.5%
com.frasesdivertidas.memesconfrases;8;7;12.5%
com.gpsmapcamera.geotagginglocationonphoto;8;7;12.5%
nl.negentwee;8;7;12.5%
com.bemyeyes.bemyeyes;8;6;25.0%
com.bitaksi.musteri;8;6;25.0%
com.familylocator.familytracker.gps.locationtracker.forandroid;8;6;25.0%
destiny.video.music.mediaplayer.videoapp.videoplayer;8;5;37.5%
com.goodbarber.planreforma;8;4;50.0%
com.ankovo.bloodoxygen.oximeter;8;3;62.5%
mp3converter.videotomp3.ringtonemaker;8;3;62.5%
com.utilappsmasterpro.cleanmasterpro;8;1;87.5%
app.visory.security;8;0;100.0%
com.appen.mobile.global;8;0;100.0%
com.bbva.nxt;8;0;100.0%
com.bestringtonesapps.popularringtones;8;0;100.0%
com.faranisa.leomessipsgwall;8;0;100.0%
com.golmanagerfree;8;0;100.0%
com.inverseai.video;8;0;100.0%
com.leermensajes.leerconversacioness;8;0;100.0%
com.melo.gtm.truthordare.dirty.icebreaker.drinking.games.for.adults;8;0;100.0%
com.mobilefootie.wc2010;8;0;100.0%
com.mysalesforce.mycommunity.C00D1t000000xOigEAE.A0OT1t0000004C99GAE;8;0;100.0%
com.opera.mini.native.beta;8;0;100.0%
com.padelmanager.padelmanager;8;0;100.0%
com.trustedapp.pdfreaderpdfviewer;8;0;100.0%
com.wifihelp.networktest.security;8;0;100.0%
de.mdiener.unwetter.gm;8;0;100.0%
io.elprogramador.vacapop;8;0;100.0%
jp.gr.java;8;0;100.0%
com.yooppe.app;9;29;68.97%
com.netincome.boxingroundintervaltimer;9;27;66.67%
es.grancanaria.eventos;9;25;64.0%
amonguslock.amonguslockscreen.amonglock;9;24;62.5%
com.rubytribe.skinvision.ac;9;19;52.63%
es.emtvalencia.emt;9;18;50.0%
com.audials;9;14;35.71%
com.appsdrg.comidarapidafacil;9;10;10.0%
com.clanmo.europcar;9;7;22.22%
com.lelic.speedcam;9;7;22.22%
com.karima.dating;9;5;44.44%
com.paris.velib;9;2;77.78%
com.facebook.adsmanager;9;1;88.89%
com.thisclicks.wiw;9;1;88.89%
com.jobrapp.jobr;9;0;100.0%
com.mktech.videoder;9;0;100.0%
com.modanisa;9;0;100.0%
com.programmingtunes.newsukraine;9;0;100.0%
net.bitburst.pollpay;10;776;98.71%
com.vidibond.pccomponentes2;10;317;96.85%
com.lluraferi.douglas;10;233;95.71%
com.lluraferi.planetahuerto;10;140;92.86%
com.stormgain.mobile;10;108;90.74%
com.jazarimusic.voloco;10;82;87.8%
com.lluraferi.mipelazo;10;79;87.34%
com.lluraferi.kenayhome;10;70;85.71%
com.cutestudio.edge.lighting.colors;10;66;84.85%
com.dentist.jrimark;10;63;84.13%
com.jeremysteckling.facerrel;10;33;69.7%
app.perfectposture;10;25;60.0%
com.piproductions.supersus.guide.amongus.Impostor;10;24;58.33%
com.popicorns.homary;10;22;54.55%
com.baiwang.fotocollage;10;20;50.0%
com.jit.student;10;19;47.37%
com.kenwood.world;10;19;47.37%
com.leolegaltechapps.translate;10;19;47.37%
com.smule.autorap;10;19;47.37%
barcelo.app;10;17;41.18%
com.cantojilgueroreclamosonidoseducar;10;16;37.5%
com.goodbarber.crystalnailses;10;16;37.5%
com.shotguntheapp.android;10;16;37.5%
com.vdprime.chromakey;10;15;33.33%
gr.pixelab.sketch;10;15;33.33%
com.Creative.Neon.Icon.Designer.App;10;14;28.57%
com.ttech.android.onlineislem;10;14;28.57%
com.cybermagic.cctvcamerarecorder;10;13;23.08%
com.internet.speedtest.check.wifi.meter;10;13;23.08%
com.aplazame;10;12;16.67%
com.carrefoursa.ecommerce;10;12;16.67%
com.valvi.clubvalvi;10;12;16.67%
fr.tramb.park4night;10;12;16.67%
com.sayhi.android.sayhitranslate;10;11;9.09%
music.musicplayer.mp3player.musicapps.musicdownloader;10;11;9.09%
com.imagen.catolica;10;10;0.0%
com.rasatop.cuponerapp;10;10;0.0%
ru.apteka;10;10;0.0%
com.prestaciones.ayuda;10;9;10.0%
smartgr.toilet.design;10;9;10.0%
com.huami.watch.hmwatchmanager;10;8;20.0%
com.noxgroup.app.cleaner;10;8;20.0%
es.miotek.webel;10;8;20.0%
mobi.societegenerale.mobile.lappli;10;7;30.0%
net.supertreat.solitaire;10;7;30.0%
com.dietdoctor.EatApp;10;6;40.0%
com.microsoft.whiteboard.publicpreview;10;6;40.0%
com.sushishop.fr;10;6;40.0%
com.todoist;10;6;40.0%
com.aviapp.translator;10;5;50.0%
com.coomeet.app;10;5;50.0%
com.portraitai.portraitai;10;5;50.0%
es.mrcl.app.juasapp;10;4;60.0%
com.jb.gokeyboard.theme.twchangecolorofkeypad;10;3;70.0%
com.technogym.mywellness.metropolitanwellness;10;3;70.0%
com.survival.maps.redstone;10;1;90.0%
app.bravostudio.A01G0PH1M9BA7ZGS835P1ASA1CT;10;0;100.0%
com.airthings.airthings;10;0;100.0%
com.dreamhack.app;10;0;100.0%
com.han.cadena;10;0;100.0%
com.like4like.app;10;0;100.0%
com.mangamo.app;10;0;100.0%
com.manya.digitalclocklivewallpaper;10;0;100.0%
com.modspestudio.furniture;10;0;100.0%
com.modspestudio.shader;10;0;100.0%
com.mysosfamily;10;0;100.0%
com.photo.android.camera;10;0;100.0%
com.readdle.spark;10;0;100.0%
holoduke.soccer;10;0;100.0%
littleappas.gelnaildesigns;10;0;100.0%
com.Sourcehub.videocall;11;35;68.57%
com.hootsuite.droid.full;11;32;65.62%
madre.guia;11;22;50.0%
periodicos.deportivos;11;21;47.62%
ch.nzz.mobile;11;19;42.11%
com.touchsurgery;11;18;38.89%
com.athan;11;12;8.33%
com.cuteemoji.keyboardsticker;11;9;18.18%
in.sweatco.app;11;9;18.18%
com.bqreaders.reader.nubicoapp;11;7;36.36%
com.gigarunner.zee2;11;2;81.82%
photoeditor.oldfilter.retroeffect.vintagecamera;11;2;81.82%
com.amazonechodot3rdgenerationguide;11;0;100.0%
com.facemoji.lite;11;0;100.0%
com.highsecure.familyphotoframe;12;128;90.62%
com.avg.android.vpn;12;53;77.36%
com.stt.android.suunto;12;45;73.33%
littleappas.name.tattoos;12;39;69.23%
meetany.randomlivecall.videocall.livechat.live.call;12;36;66.67%
vivino.web.app;12;32;62.5%
com.xsdev.ppt.viewer.reader.powerpointpresentation;12;31;61.29%
app.bravostudio.A01FTFQJXEKAB55W86PBPWSJR6N;12;24;50.0%
sexy.girlswhatsappnumberforfriendship;12;22;45.45%
com.euronews.express;12;21;42.86%
com.xatori.Plugshare;12;21;42.86%
com.appsidea.learn.aftereffects;12;19;36.84%
com.empat.wory;12;18;33.33%
eus.euskotren.app;12;17;29.41%
com.musik.gratis.abb;12;14;14.29%
pyaterochka.app;12;14;14.29%
com.classical.pesone;12;12;0.0%
com.wapoapp;12;11;8.33%
fm.castbox.audiobook.radio.podcast;12;11;8.33%
com.remax.remaxmobile;12;10;16.67%
com.vecturagames.android.app.gpxviewer;12;10;16.67%
com.andromedaAppys.app.NewTimetableNotes;12;9;25.0%
com.picolo.android;12;8;33.33%
com.wildnetworks.xtudr;12;8;33.33%
com.goodbarber.radioaspe;12;7;41.67%
fr.creditagricole.macarteca;12;7;41.67%
com.joytunes.simplypiano;12;6;50.0%
ioffer.quikr.offersanddeals;12;6;50.0%
ro.emag.android;12;5;58.33%
com.woomfertility.woomapp;12;4;66.67%
hd.video.downloader.allvideodownloader.app;12;3;75.0%
com.ape.webapp.fingerpaint;12;0;100.0%
com.tonicapp;12;0;100.0%
prestige.labelmaker.labelcreator;12;0;100.0%
com.piccollage.freecollagemaker.photocollage;13;41;68.29%
com.devsoftmatic.ronaldowallpapers;13;35;62.86%
com.unimeal.android;13;35;62.86%
com.mobills.fiftytwoweeks;13;25;48.0%
com.rarewire.forever21;13;17;23.53%
com.trace.main;13;15;13.33%
com.jrgapps.animewallpapers;13;8;38.46%
org.nativescript.colpernapp;13;6;53.85%
com.karmamobile;13;2;84.62%
com.digivents.theplanner;13;1;92.31%
mobi.charmer.fotocollage;13;1;92.31%
com.drakeet.purewriter;13;0;100.0%
com.fashiondays.android;13;0;100.0%
com.gocco.android;14;158;91.14%
com.smartartstudios.splinter.interactive.watchface;14;136;89.71%
screen.mirroring.screen.mirroring;14;85;83.53%
com.lilidian.soundpop;14;54;74.07%
com.game.friends.android;14;34;58.82%
app.sarhne.com;14;33;57.58%
com.newdevapps.braidhairstyles;14;33;57.58%
es.mmip.prisacom.as;14;33;57.58%
pilatesworkouts.loseweight.dailyyoga;14;32;56.25%
com.Endoscope.scope;14;26;46.15%
com.hitrolab.audioeditor;14;26;46.15%
com.GuideForHotWheelsRaceOff.HotWheels;14;24;41.67%
ie.flipdish.fd19781;14;22;36.36%
org.contentarcade.apps.logomaker;14;21;33.33%
com.blink.academy.nomopro;14;19;26.32%
app.chat.zh;14;18;22.22%
ie.flipdish.fd18489;14;14;0.0%
com.xm.webapp;14;13;7.14%
com.text.translate.all.language.translator.voicetraductor.phototranslator;14;12;14.29%
tv.fubo.mobile;14;10;28.57%
moldesbrothers.miradio;14;7;50.0%
com.avast.android.secure.browser;14;5;64.29%
com.glow.android.baby;14;3;78.57%
com.orange.blablablapp.es;14;2;85.71%
com.eddress.getgoodys;14;0;100.0%
com.appsfornexus.dailysciencenews;15;80;81.25%
com.fbapps.random.video.chat;15;56;73.21%
de.twokit.castbrowser;15;51;70.59%
yogaworkouts.dailyyoga.yogafitness;15;39;61.54%
com.titaniumapp.gggameturbo;15;35;57.14%
radio.online.romania;15;25;40.0%
com.philips.hearlink;15;8;46.67%
audioplayer.free.music.player;16;76;78.95%
com.allinonesocialmedia.allinonesocialnetwork;16;51;68.63%
com.zahidcataltas.mgrsharita;16;46;65.22%
com.radar.detector.speed.camera.hud.speedometer;16;34;52.94%
com.ikeyboard.theme.neon.love;16;33;51.52%
com.mirror.news;16;30;46.67%
com.artline.bright.flashlight;16;20;20.0%
location.changer.fake.gps.spoof.emulator;16;20;20.0%
com.dexcom.follow.region2.mgdl;16;17;5.88%
app.master.girl.skins;16;14;12.5%
com.video.downloader.no.watermark.tiktok;16;13;18.75%
com.cool.volume.sound.booster;16;12;25.0%
io.funswitch.blocker;16;12;25.0%
co.dilmil.android;16;11;31.25%
com.bskyb.skynews.android;16;9;43.75%
com.appkarma.app;16;3;81.25%
com.rudderfishapps.seen;16;3;81.25%
com.bruxlabsnore;16;0;100.0%
com.cuteu.videochat;16;0;100.0%
com.jee.calc;16;0;100.0%
com.worldradios.roumanie;16;0;100.0%
com.solodevs.fortnitewallpapermaker;17;66;74.24%
com.fashion.boys.photo.editor.new;17;56;69.64%
com.golfaink03.wallpaper03.AlejoIgoa;17;49;65.31%
io.walkietalkie;17;39;56.41%
losefat.forwomen.homeworkouts;17;32;46.88%
com.best365.app.sport.be365;17;21;19.05%
com.fulltip;17;21;19.05%
com.superpedestrian.link;17;21;19.05%
cointelegraph.com;17;4;76.47%
com.connected2.ozzy.c2m;17;4;76.47%
com.sinyee.babybus.dailysafety;17;4;76.47%
com.gotomeeting;17;2;88.24%
com.ing.banking;17;2;88.24%
com.signnow.android;17;0;100.0%
stickers.network;17;0;100.0%
chatear.ybuscaraalguien;18;78;76.92%
com.smarttv.samsungtv.remote;18;67;73.13%
com.lomotif.android;18;52;65.38%
siren.head.mods.edition;18;48;62.5%
com.zaza.beatbox;18;43;58.14%
com.smarttools.compasspro;18;41;56.1%
com.sjdapp.soccerjerseydesigner;18;25;28.0%
com.minecraft.adv.mods.spiderman;18;24;25.0%
com.paperlit.android.repubblica;18;21;14.29%
com.dataviz.docstogo;18;17;5.56%
com.BorderLight.LED.Color.Live.Wallpaper;18;12;33.33%
com.cabify.rider;18;12;33.33%
de.quandoo.android.consumerapp;18;6;66.67%
me.vampr.android;18;6;66.67%
com.indesign;18;0;100.0%
com.trasmapi.trasmapi;18;0;100.0%
com.vorwerk.cookidoo;18;0;100.0%
group.flowbird.mpp;18;0;100.0%
gallery.photomanager.picturegalleryapp.imagegallery;19;62;69.35%
com.sygic.truck;19;33;42.42%
instasaver.instagram.video.downloader.photo;19;24;20.83%
se.svt.svti.android.nyhetsapp;19;10;47.37%
com.techapps.livevideocall;19;0;100.0%
its.myapps.haircolorchanger;19;0;100.0%
com.autotuneyourvoice.withmusic.auto.tune;20;82;75.61%
us.acremote.tools4tv;20;72;72.22%
com.poppycoloringpages.coloringplaytimechapter2game;20;50;60.0%
com.healint.migraineapp;20;38;47.37%
com.nick.memasik;20;31;35.48%
com.skinsbourg.parkour;20;30;33.33%
com.document.viewer.office;20;25;20.0%
com.inglesdivino.videolyrics;20;22;9.09%
com.itworks.android.boom;20;22;9.09%
com.nordicwise.translator;20;16;20.0%
com.binance.custody;20;13;35.0%
com.pasteleriafiesta.app;20;13;35.0%
com.soogrow.nitreo;20;0;100.0%
homemakes.how;20;0;100.0%
video.reface.app;21;52;59.62%
com.monday.monday;21;6;71.43%
com.gonatuparaapp.livenetsports;21;0;100.0%
com.sololearn;21;0;100.0%
es.maldita.app;21;0;100.0%
in.mohalla.sharechat;22;294;92.52%
com.telosudibyo.furnituremodern;22;89;75.28%
fusion.developers.shirtdesign;22;51;56.86%
com.wavemining.emoji.elite;22;41;46.34%
com.quanticapps.remotetvs;22;37;40.54%
ir.ilmili.telegraph;22;37;40.54%
com.vaultmicro.camerafi.live;22;34;35.29%
com.launcher.ios11.iphonex;22;31;29.03%
com.wave.keyboard;22;25;12.0%
com.mobail.selwoaventura;22;19;13.64%
com.mobail.selwomarina;22;19;13.64%
it.rcs.corrierede;22;11;50.0%
com.anime;22;0;100.0%
com.prank.sneaky;22;0;100.0%
com.grability.rappi;23;39;41.03%
com.pakistani.girlslivechat;23;14;39.13%
com.mediapro.entertainment.freeringtone;24;62;61.29%
com.call.flash.theme.emoji.wallpaper.lock.screen.security.smooth.efficiency.color.phone.launcher;24;48;50.0%
com.dafoudil.collectionBAKIHANMAwallpaper;24;46;47.83%
com.wildec.meet24;24;36;33.33%
com.idamob.tinkoff.android;24;34;29.41%
com.buzzarab.buzzarab;24;33;27.27%
kr.jungrammer.anonymous;24;19;20.83%
com.uala.appandroid;24;12;50.0%
com.zinio.mobile.android.reader;24;8;66.67%
app.bhupesh.armorking.tanglefree;24;1;95.83%
com.runtastic.android.results.lite;24;1;95.83%
com.broken;24;0;100.0%
com.cute.wallpapers;24;0;100.0%
zepeto.walkthrough.zepetotricks;24;0;100.0%
com.bas.hit.volm.dy;25;44;43.18%
emoji.keyboard.fonts.stickers.gif.keyboard.moji;25;31;19.35%
com.fiverr.fiverr;25;17;32.0%
com.aircanada;25;0;100.0%
br.com.escolhatecnologia.voztradutor;26;178;85.39%
io.hexman.xiconchanger;26;124;79.03%
downloader.video.download.free;26;63;58.73%
com.techpro.cutringtone;26;40;35.0%
com.opodo.reisen;26;1;96.15%
com.invitation.maker.birthday.card;26;0;100.0%
com.chapter3.fbr.battleroyale;27;54;50.0%
com.binarygraft.pokewalk;27;53;49.06%
com.logan19gp.lottogen;28;87;67.82%
com.stepbet.app;28;36;22.22%
com.accurate.channel.forecast.live.weather;28;14;50.0%
com.yokee.piano.keyboard;28;3;89.29%
com.channel.weather.forecast.live.radar;29;54;46.3%
com.rcplatform.livechat;29;27;6.9%
com.tuneme.tuneme;29;8;72.41%
com.wwwave.mangapon;30;82;63.41%
com.cartoonphotomaker.cartoonphotoeditor;30;59;49.15%
com.launcher.launcher2022;30;45;33.33%
com.e.juantraductoro;30;28;6.67%
app.peliculas.gratis;30;0;100.0%
it.ideasolutions.amerigo;31;116;73.28%
com.facechangervideo;31;85;63.53%
br.com.escolhatecnologia.vozdonarrador;31;77;59.74%
com.lovefeed.dating;31;43;27.91%
com.app;31;0;100.0%
com.prisaradio.replicapp.cadenaser;32;31;3.12%
com.quvideo.xiaoying;33;31;6.06%
com.twocatsapp.ombroamigo;34;78;56.41%
com.name.photo.birthday.cake.quotes.frame.editor;34;4;88.24%
coches.net;34;0;100.0%
com.plantiary;35;48;27.08%
crypto.free.bitcoin.cloud.mining.cryptocurrency;35;0;100.0%
com.july.euro;36;45;20.0%
mymusic.offlinemusicplayer.mp3player.playmusic;36;42;14.29%
com.luzapplications.alessio.topwallpapers;38;115;66.96%
com.dressup.avatar.yoyo.doll;38;33;13.16%
fill.up.the.frigde.organization.games;39;50;22.0%
br.com.rodrigokolb.realdrum;39;0;100.0%
com.kivi.live;40;18;55.0%
com.iphonedroid.expansion;41;98;58.16%
com.changdu.spainreader;41;17;58.54%
fr.profilweb.gifi.es;41;14;65.85%
br.com.rodrigokolb.classicdrum;42;79;46.84%
com.global.foodpanda.android;42;45;6.67%
com.prinext.image.blur;42;27;35.71%
com.meet.uspro;43;0;100.0%
com.makervideoimage.fortiktok;44;144;69.44%
com.edjing.edjingdjturntable;44;104;57.69%
com.kraftwerk9.remotie;44;91;51.65%
tatoo.tattoo.design;44;0;100.0%
com.miniclip.plagueinc;45;49;8.16%
com.mistplay.mistplay;46;57;19.3%
com.tlnove.tureli;46;0;100.0%
com.graphite.graphitecomics;47;1;97.87%
com.vyroai.photoenhancer;48;118;59.32%
com.mo2o.navieraarmas;48;1;97.92%
com.mwm.guitartuner;48;0;100.0%
com.zaku.live.chat;49;44;10.2%
cc.forestapp;50;20;60.0%
com.four4glte.only.networkmode;55;0;100.0%
com.ioskeyboard.softedge;56;118;52.54%
com.bet365Wrapper.Bet365;59;0;100.0%
com.givvyresty;60;0;100.0%
ultra.wallpaper.themes.pro;62;74;16.22%
free.videodownloader.downloadvideos.hd;63;108;41.67%
bolo.codeplay.com.bolo;63;4;93.65%
phonecooler.cpucooler.coolermaster.batterycooler;66;89;25.84%
com.lazada.android;72;175;58.86%
neon.horns.devil;75;16;78.67%
com.tiktokvideodownloader.savetiktokvideo212;76;0;100.0%
emmo.diary.app;78;14;82.05%
com.wemagineai.voila;80;91;12.09%
com.weather.weatherforcast.aleart.widget;82;73;10.98%
com.tencent.wesing;83;213;61.03%
beautyrooom.filtersforselfie.sweet.face.camera.selfies;103;8;92.23%
com.apalon.flight.tracker;115;13;88.7%
com.tlive.madcat;133;38;71.43%
com.apalon.myclockfree;169;75;55.62%
com.bearhugmedia.android;174;0;100.0%
com.millecrepestudios.couplelife;194;0;100.0%
com.samsung.emojikeyboard.themes;233;5;97.85%
com.zong.customercare;517;274;47.0%
