apk_name;sdk_count
com.apalon.flight.tracker;1384
com.givvyresty;824
cc.forestapp;622
com.mistplay.mistplay;553
com.iphonedroid.expansion;457
com.bearhugmedia.android;428
com.quvideo.xiaoying;396
com.tlive.madcat;388
mymusic.offlinemusicplayer.mp3player.playmusic;388
com.july.euro;348
com.opodo.reisen;300
emoji.keyboard.fonts.stickers.gif.keyboard.moji;266
com.grability.rappi;240
com.millecrepestudios.couplelife;239
video.reface.app;231
beautyrooom.filtersforselfie.sweet.face.camera.selfies;225
com.gonatuparaapp.livenetsports;225
com.signnow.android;214
de.quandoo.android.consumerapp;212
com.apalon.myclockfree;210
neon.horns.devil;210
com.healint.migraineapp;204
me.vampr.android;202
bolo.codeplay.com.bolo;201
com.stepbet.app;200
co.dilmil.android;188
com.appkarma.app;186
group.flowbird.mpp;170
se.svt.svti.android.nyhetsapp;168
com.tonicapp;166
com.lomotif.android;156
com.joytunes.simplypiano;154
com.rarewire.forever21;151
com.cabify.rider;150
com.wapoapp;144
com.technogym.mywellness.metropolitanwellness;136
com.appsfornexus.dailysciencenews;135
eus.euskotren.app;132
radio.online.romania;130
ro.emag.android;128
com.fashiondays.android;124
com.wwwave.mangapon;124
com.euronews.express;120
com.hootsuite.droid.full;120
com.huami.watch.hmwatchmanager;120
com.imagen.catolica;120
com.mangamo.app;118
com.ioskeyboard.softedge;112
com.rasatop.cuponerapp;112
mobi.societegenerale.mobile.lappli;112
com.name.photo.birthday.cake.quotes.frame.editor;110
com.game.friends.android;108
app.perfectposture;102
tatoo.tattoo.design;102
app.peliculas.gratis;98
com.runtastic.android.results.lite;98
app.bhupesh.armorking.tanglefree;96
com.jazarimusic.voloco;96
com.tochkiinteresacadence;92
com.paperlit.android.repubblica;90
com.weather.weatherforcast.aleart.widget;90
com.four4glte.only.networkmode;89
com.project.vivareal;87
com.autotuneyourvoice.withmusic.auto.tune;86
com.logan19gp.lottogen;86
com.tronlinkpro.wallet;85
com.audials;84
com.airthings.airthings;82
com.aplazame;82
ru.mybook;81
com.poppycoloringpages.coloringplaytimechapter2game;80
com.twocatsapp.ombroamigo;80
com.text.translate.all.language.translator.voicetraductor.phototranslator;78
com.asiainno.uplive.aiglamour;76
com.woomfertility.woomapp;76
kr.jungrammer.anonymous;74
com.miniclip.plagueinc;73
com.tempo.video.edit;72
com.wemeetsafe.app15430;72
net.one97.paytm;72
com.appsdrg.comidarapidafacil;70
com.solodevs.fortnitewallpapermaker;70
com.xsdev.ppt.viewer.reader.powerpointpresentation;69
com.photo.vault.photos.photovault.photo.album.photoalbum;68
com.scannerapp.pdfscanner.documentscaner.docscannerappforandroid;68
com.ttech.android.onlineislem;67
com.lovefeed.dating;64
com.volio.layout.photocollage.collagemaker;64
com.wildec.meet24;64
com.smartartstudios.splinter.interactive.watchface;62
com.superpedestrian.link;62
com.thisclicks.wiw;62
urmytype.app;62
com.apptastico.manualdeprimerosauxilios;60
com.binh.saphira.anime;60
com.facechangervideo;60
com.kivi.live;60
com.klikin.lasantapizza;60
com.meet.uspro;58
com.prank.sneaky;58
com.smarttv.samsungtv.remote;58
screen.mirroring.screen.mirroring;58
com.macsoftex.portrait;57
com.kraftwerk9.remotie;56
com.olxmena.horizontal;56
photoeditor.oldfilter.retroeffect.vintagecamera;55
com.radar.detector.speed.camera.hud.speedometer;54
com.colt;53
com.avg.android.vpn;52
com.opngo.live;52
com.tencent.wesing;52
com.jb.gokeyboard.theme.twchangecolorofkeypad;51
com.trustedapp.pdfreaderpdfviewer;51
com.vitesia.soib;51
hippeis.com.photochecker;51
audioplayer.free.music.player;50
com.allinonesocialmedia.allinonesocialnetwork;50
com.Creative.Neon.Icon.Designer.App;50
com.jazz.jazzworld;50
com.luzapplications.alessio.topwallpapers;50
com.makervideoimage.fortiktok;50
com.tuneme.tuneme;50
com.wemagineai.voila;50
com.zaza.beatbox;50
io.funswitch.blocker;50
music.musicplayer.mp3player.musicapps.musicdownloader;50
com.aircanada;48
com.bitso.wallet;48
com.bskyb.skynews.android;48
com.cocoa.parentalwa;48
com.gonliapps.learnspanish;48
com.itworks.android.boom;48
com.tasnim.colorsplash;48
com.twitter.android;48
seat.code.giravolta.inurbastockholm;48
com.modanisa;47
com.chapter3.fbr.battleroyale;46
com.coches.app.android;46
com.mirror.news;46
com.vyroai.photoenhancer;46
free.videodownloader.downloadvideos.hd;46
com.titaniumapp.gggameturbo;45
com.cartoonphotomaker.cartoonphotoeditor;44
com.cyberlink.powerdirector.DRA140225;44
com.edjing.edjingdjturntable;44
com.popularapp.sevenmins;44
mobi.charmer.fotocollage;44
pdf.converter.imagetopdf.jpgtopdf.createpdf;44
br.com.rodrigokolb.classicdrum;43
br.com.rodrigokolb.realdrum;43
it.ideasolutions.amerigo;43
br.com.escolhatecnologia.voztradutor;42
com.empat.wory;42
com.jee.calc;42
com.prinext.image.blur;42
phonecooler.cpucooler.coolermaster.batterycooler;42
com.BorderLight.LED.Color.Live.Wallpaper;40
com.cutestudio.edge.lighting.colors;40
com.ehf.app.android;40
com.highsecure.familyphotoframe;40
com.invitation.maker.birthday.card;40
com.lyrebirdstudio.collage;40
com.mason.wooplus;40
com.mwm.guitartuner;40
com.noxgroup.app.cleaner;40
com.speakandtranslate.voicetranslator.alllanguages;40
com.zahidcataltas.mgrsharita;40
hd.video.downloader.allvideodownloader.app;40
in.mohalla.sharechat;40
io.hexman.xiconchanger;40
com.e.juantraductoro;38
com.eddress.getgoodys;38
com.fiverr.fiverr;38
com.iyia.repost;38
com.wavemining.emoji.elite;38
downloader.video.download.free;38
com.jeremysteckling.facerrel;37
app.sarhne.com;36
com.golfaink03.wallpaper03.AlejoIgoa;36
fm.castbox.audiobook.radio.podcast;36
voiceapp.AlexaCommands;36
com.plantiary;35
com.appmystique.businesscardmaker;34
com.aviapp.translator;34
com.corepix.videorecording;34
com.dreamhack.app;34
com.hitrolab.audioeditor;34
com.martinsdevguys.topmessenger;34
com.music.slideshow.videoeditor.videomaker;34
com.padelmanager.padelmanager;34
com.preving.tps;34
com.redpiso.app;34
com.sagales.appcorporativa;34
com.sinyee.babybus.dailysafety;34
com.tinybyteapps.robyte;34
com.vdprime.chromakey;34
com.wallpaperhd.pikapikawallpaper;34
crypto.free.bitcoin.cloud.mining.cryptocurrency;34
free.movies.tv.shows.films.series.v2;34
com.agus.espa.calendario;30
com.baiwang.squareblend;30
com.bluefishapp.videotoaudio;30
com.brunoprankcall.fakecall.fakecallerid.encantobrunoprank;30
com.codeedifice.splitvideo;30
com.launcher.launcher2022;30
com.nonoapps.aumentarmasamuscular;30
com.redlucky.lockscreen.pattern;30
com.risilis.filtrodechoro;30
com.tb.mobiclean;30
photo.smile.red.eyes.changer.color;30
ru.otkritkiok.pozdravleniya;29
com.binarygraft.pokewalk;28
com.smarttools.compasspro;28
homemakes.how;28
io.walkietalkie;28
meetany.randomlivecall.videocall.livechat.live.call;28
com.dentist.jrimark;26
com.global.foodpanda.android;26
com.martianmode.applock;26
com.melo.gtm.truthordare.dirty.icebreaker.drinking.games.for.adults;26
com.musik.gratis.abb;26
com.nordicwise.translator;26
com.tpx.top80bestringtones.newringtones;26
discover.color.clothes;26
es.doctoralia;26
pl.znanylekarz;26
br.com.vw.connected.car.argentina;25
com.lebara.milebara;25
com.mktech.videoder;25
com.trace.main;25
yogaworkouts.dailyyoga.yogafitness;25
animalringtones.birdcallssoundsandringtones.animalsoundsandringtones;24
br.com.escolhatecnologia.vozdonarrador;24
ch.nzz.mobile;24
co.quanyong.pinkbird;24
com.boedec.hoel.speaker.cleaner.remove.water;24
com.camscanner.documentscanner.pdfscanner.textscanner.photos.scanner;24
com.chanel.weather.forecast.accu;24
com.cool.volume.sound.booster;24
com.dafoudil.collectionBAKIHANMAwallpaper;24
com.familylocator.familytracker.gps.locationtracker.forandroid;24
com.happyconz.blackbox;24
com.heartfull.forms;24
com.indesign;24
com.inditex.oysho;24
com.lezhin.comics;24
com.mmmobileapps.topjobs;24
com.mytello.dialup;24
com.patook.patook;24
com.portraitai.portraitai;24
com.profilelog.android;24
com.raisingapps.transparentlauncher.screenlivewallpaper;24
com.smartbox.smartboxbeneficiary;24
com.smartworld.enhancephotoquality;24
com.streamlabs;24
com.vecturagames.android.app.gpxviewer;24
com.video.downloader.no.watermark.tiktok;24
com.vivaz.vivazsalud;24
com.vorwerk.cookidoo;24
com.wifihelp.networktest.security;24
com.y29tv.live.tv.spain;24
com.zinio.mobile.android.reader;24
dev.kraimoz.mangex;24
fr.tramb.park4night;24
gallery.photomanager.picturegalleryapp.imagegallery;24
in.gopalakrishnareddy.torrent;24
littleappas.name.tattoos;24
location.changer.fake.gps.spoof.emulator;24
nessundorma.com.nessun;24
net.bitburst.pollpay;24
net.jarcode.mitja;24
nl.moboa.myclay;24
pyaterochka.app;24
recover.deleted.data.mobile.data.recovery.app.diskdigger;24
stickers.network;24
twittervideodownloader.twitter.videoindir.savegif.twdown;24
us.nonda.zus;24
com.call.flash.theme.emoji.wallpaper.lock.screen.security.smooth.efficiency.color.phone.launcher;22
com.document.viewer.office;22
com.launcher.ios11.iphonex;22
com.musulmankarima.dating;22
es.maldita.app;22
com.monday.monday;21
com.nick.memasik;21
app.oktransit.bilbao;20
com.aamirki.mappium;20
com.ape.webapp.fingerpaint;20
com.appstylelife.creadordeafiches;20
com.chic.torch;20
com.delaware.empark;20
com.droidfoundry.calendar;20
com.fashion.boys.photo.editor.new;20
com.ginortcar.recetas.comida.casera;20
com.gruiz.farmaguardia;20
com.infovehiculo.nicolapps.infovehiculo;20
com.inglesdivino.vectorassetcreator;20
com.pixelkraft.edgelighting;20
emmo.diary.app;20
fourbottles.bsg.workinghours4b;20
fusion.developers.shirtdesign;20
hai.lior.ukaleletunerfree;20
liveearthmap.livesatelliteview.mylocation.streetviewmap;20
losefat.forwomen.homeworkouts;20
pilatesworkouts.loseweight.dailyyoga;20
ringtone.mp3.song.download;20
smartgr.toilet.design;20
uk.co.teambobk.f1calendarfree;20
video.crop.audio;20
com.channel.weather.forecast.live.radar;18
com.fiatc;18
com.mexic.memes.stickers;18
com.sjdapp.soccerjerseydesigner;18
com.tlnove.tureli;18
com.turner.tooncup;18
fr.profilweb.gifi.es;18
ir.ilmili.telegraph;18
siren.head.mods.edition;18
com.gigarunner.zee2;17
com.piccollage.freecollagemaker.photocollage;17
it.webxperience;17
lineaVerde.App;17
app.master.girl.skins;16
chatear.ybuscaraalguien;16
com.frasesdivertidas.memesconfrases;16
com.fulltip;16
com.inglesdivino.videolyrics;16
com.quanticapps.remotetvs;16
com.Sourcehub.videocall;16
com.sushishop.fr;16
com.tiktokvideodownloader.savetiktokvideo212;16
com.usakha.genshinstickers;16
com.wastickerapps.stickers;16
zepeto.walkthrough.zepetotricks;16
com.devsoftmatic.ronaldowallpapers;15
com.ab.drinkwaterapp;14
com.bestringtonesapps.popularringtones;14
com.buzzarab.buzzarab;14
com.daily.holybiblelite;14
com.Endoscope.scope;14
com.jrgapps.animewallpapers;14
com.piproductions.supersus.guide.amongus.Impostor;14
gr.pixelab.sketch;14
sfcapital.publictoiletinsouthaustralia;14
com.gasall;13
fill.up.the.frigde.organization.games;13
cointelegraph.com;12
com.bas.hit.volm.dy;12
com.broken;12
com.canadakarima.dating;12
com.correosexpress.app;12
com.cute.wallpapers;12
com.digiwards.app;12
com.dressup.avatar.yoyo.doll;12
com.fintonic;12
com.forfamesmash;12
com.juduku.juduku;12
com.karima.dating;12
com.lilidian.soundpop;12
com.log.whatshistory;12
com.pakistani.girlslivechat;12
com.playground.androidapp;12
com.plentybits.globalpiso;12
films.nixac.fanfightclub;12
qrcodereader.barcodescanner.scan.qrscanner;12
amuseworks.thermometer;10
app.Influxy.app;10
buttocksworkout.hipsworkouts.forwomen.legworkout;10
cofs.haeven.photo.frame;10
com.AndroidA.MediaConverter;10
com.anime;10
com.appxstudio.blenderdoubleexposure;10
com.barisefe.spainnewspapers;10
com.birdinox.sharpenvideo;10
com.bizapp.photoeditorcollage;10
com.calendar.schedule.event;10
com.caresca.pasteleriayreposteria;10
com.coconutica.acapellaeditor;10
com.dataviz.docstogo;10
com.download.hdvideos.videodownloader;10
com.edgelighting.colors.borderlight.magicledlite;10
com.eugibo.asmrtriggers;10
com.flamingo.animator;10
com.freephotoframes.familyphotoframes;10
com.furniture.mods.minecraft.mcpe;10
com.greetingsisland.sam;10
com.ikeyboard.theme.neon.love;10
com.izicomics.app;10
com.jrtstudio.AnotherMusicPlayer;10
com.kermed.thermometer;10
com.kriam.secret.diary;10
com.kydemy.mobile;10
com.lelic.speedcam;10
com.lgremote.view;10
com.live.earth.map.gps.navigation.directions.streetview.speedometer.satellite.webcam;10
com.martomdev.pillsontime;10
com.mobail.selwoaventura;10
com.mobail.selwomarina;10
com.modspestudio.furniture;10
com.modspestudio.shader;10
com.motordata.obd;10
com.mytowntonight.aviamap;10
com.newdevapps.braidhairstyles;10
com.nextgen.eye.color.changer.lense.photoeditor;10
com.phongphan.miracast;10
com.raed.drawing;10
com.ralarosoft.futboltele;10
com.random.chat.app;10
com.rs.GNote4Ringtones;10
com.rubenmayayo.reddit;10
com.samremote.view;10
com.Simpatico.My.Photo.Background.Keyboard;10
com.soniremote.view;10
com.strlabs.appdietas;10
com.techapps.livevideocall;10
com.telosudibyo.furnituremodern;10
com.tocapp.crownfronton;10
com.vertaler.dees;10
com.watch.richface.shield;10
com.womanlog;10
com.xenonstudio.serversformcpe;10
es.grancanaria.eventos;10
es.wedothebest.loop;10
helectronsoft.com.live.wallpaper.pixel4d;10
ioffer.quikr.offersanddeals;10
it.ale32thebest.simserialnumber;10
it.rcs.corrierede;10
ml.colorize.app;10
myhome.kdomo.com;10
oops.ledscroller;10
org.mistergroup.shouldianswer;10
splits.splitstraining.dothesplits.splitsin30days;10
uk.co.motork.drivek.it;10
ultra.wallpaper.themes.pro;10
yogaworkout.dailyyoga.go.weightloss.loseweight;10
org.lds.bom;9
com.accurate.channel.forecast.live.weather;8
com.baiwang.fotocollage;8
com.brandbassadoras.brandbassador;8
com.changdu.spainreader;8
com.classical.pesone;8
com.digitalplumecompany.boostyourteam;8
com.duocards.app;8
com.faranisa.leomessipsgwall;8
com.fbapps.random.video.chat;8
com.glow.android.baby;8
com.gotomeeting;8
com.idamob.tinkoff.android;8
com.jit.student;8
com.leermensajes.leerconversacioness;8
com.leolegaltechapps.translate;8
com.miband5.face.watches.download.face.changer.miband.watch;8
com.readdle.spark;8
com.skinsbourg.parkour;8
com.skylb.hola.app;8
com.stormgain.mobile;8
com.unimeal.android;8
com.xm.webapp;8
com.zaku.live.chat;8
es.canarias7.android.rss;8
instasaver.instagram.video.downloader.photo;8
ru.apteka;8
tv.fubo.mobile;8
com.corecitizenmobile.android;7
com.mediapro.entertainment.freeringtone;7
burger.gutscheine.deals.bgk;6
com.alboran.corazon;6
com.appsmotor.facechecker;6
com.atlasdata.tafesire.alahelam;6
com.b2binacatalog.hersteragarden;6
com.benderdating.app;6
com.bitaksi.musteri;6
com.business.postermaker;6
com.compsaonline.laciutatapp;6
com.connected2.ozzy.c2m;6
com.correctspelling.checker;6
com.cursossepe.cursossepe;6
com.cuteu.videochat;6
com.dailybits.foodjournal;6
com.diariodearousa.android;6
com.estmob.android.sendanywhere;6
com.eston.bikinibottoms;6
com.farmavazquezjqnfvz.appfidelizacion;6
com.fesalyteranysa.canales.tdt.espana.tv;6
com.gaiamtv;6
com.gedsportsmobile;6
com.gpsmapcamera.geotagginglocationonphoto;6
com.graphite.graphitecomics;6
com.han.cadena;6
com.ibmapp;6
com.innovationmobileapps.bodytemperature;6
com.internet.speedtest.check.wifi.meter;6
com.iphoneringtones.roars;6
com.legitapp.client;6
com.makeup.beauty.face.facebeauty.camera;6
com.mangareader.onlineapp;6
com.mercawhat.mercawhat;6
com.musicdavay.com;6
com.opennemas.nosdiario;6
com.paseaperros.app;6
com.picolo.android;6
com.playoffinformatica.fmm;6
com.programmingtunes.newsukraine;6
com.realdream.kidspolice;6
com.renaldiabetic.diet;6
com.repotools.whatplay;6
com.rt.arabstable;6
com.Stickers;6
com.tier.tramuntana;6
com.uala.appandroid;6
com.vocento.diariomontanes;6
com.vocento.idealgranada;6
com.wgou.cleaner;6
com.worldradios.roumanie;6
digital.raisin;6
hdvideoplayer.hdvideodownloader.allmediaplayerhd;6
in.sweatco.app;6
innotest.testguardiacivil2018;6
littleappas.gelnaildesigns;6
org.cathalac;6
org.telegram.plus;6
prestige.labelmaker.labelcreator;6
reverse.video.effect.app;6
us.acremote.tools4tv;6
us.mirrorlink.mirrorlinkandroid.carconnector.screenmirroring;6
us.mitene;6
water.eject.speaker.cleaner;6
com.bancamarch.bancamovil;5
com.draweasy5.dbzdbs5;5
com.draweasy5.peppo5;5
com.karmamobile;5
com.orthobullets.Bullets;5
com.samsung.emojikeyboard.themes;5
watch.richface.androidwear.digitalvision;5
app.bravostudio.A01G0PH1M9BA7ZGS835P1ASA1CT;4
app.com.neinver.simply;4
app.visory.security;4
block.puzzle.sudoku.free.game.classic.offline;4
coches.net;4
com.andromo.dev743350.app911966;4
com.apstech.howolddoyoulooklike.app;4
com.binance.custody;4
com.cantojilgueroreclamosonidoseducar;4
com.cint.opinionapp;4
com.facemoji.lite;4
com.imo.android.imoim;4
com.kangproject.GuideYasaPet;4
com.kawaii.cute.wallpaper.kawaii.hdwallpaper;4
com.kenwood.world;4
com.kinky.fetlifestyle;4
com.klygo.app;4
com.kongri.wastat;4
com.mobills.fiftytwoweeks;4
com.mysalesforce.mycommunity.C00D1t000000xOigEAE.A0OT1t0000004C99GAE;4
com.nestsport.sim;4
com.nn.clientapp;4
com.pastelwallpaper.colorscutewallpapers.kawaianime.girlycute.offlinebackgrounds.aesthetic;4
com.philips.sleepmapper.root;4
com.plantid.picturethis.plantin.plantsnap.natureid;4
com.playmebit.android.stwidoctus.idoctussemi;4
com.popicorns.homary;4
com.printful.app;4
com.rcplatform.livechat;4
com.real.RealPlayerMobile;4
com.rubytribe.skinvision.ac;4
com.screentime.rc;4
com.smule.autorap;4
com.sololearn;4
com.stereo.app;4
com.surfline.android;4
com.tocaboca.tocahairsalon4;4
com.todoist;4
com.tulotero;4
com.ume.shortcut;4
com.vaultmicro.camerafi.live;4
com.vialsoft.radares;4
com.yokee.piano.keyboard;4
cz.master.lois;4
de.autodoc.club;4
es.vivus.app.react;4
fr.doctolib.www;4
ie.flipdish.fd18489;4
ie.flipdish.fd19781;4
its.myapps.haircolorchanger;4
littleappas.garden.designs;4
littleappas.tvshelves;4
net.supertreat.solitaire;4
puzzle.blockpuzzle.cube.relax;4
smart.tv.wifi.remote.control.samcontrol;4
tv.uscreen.torosenespana;4
vivino.web.app;4
amonguslock.amonguslockscreen.amonglock;3
app.geoloc;3
at.paysafecard.android;3
com.funeasylearn.english;3
com.funeasylearn.romanian;3
com.gls.preciodelaluzhoy;3
com.limatech.dayschallenge.dayschallenge;3
com.outfit7.talkingnewsfree;3
com.silbonshop.app;3
com.studiosol.afinadorlite;3
es.mahou.rentabilibar;3
nocrop.photoeditor.squarepic;3
org.aleteia.presse;3
squarepic.photogrid.squaregrid;3
app.bubu;2
co.refsix;2
com.bemyeyes.bemyeyes;2
com.bet365Wrapper.Bet365;2
com.blackboard.android.bbstudent;2
com.cettire.storeapp;2
com.cliomuseapp.cliomuseapp;2
com.hungrybolo.remotemouseandroid;2
com.instaonline;2
com.nbz.phonekeeper;2
com.offertadelgiorno.offertadelgiorno;2
com.parallels.client;2
com.psycatgames.nhiegame;2
com.rabbitrally.nav2droid;2
com.stremio.one;2
com.techpro.cutringtone;2
com.tiim.tradinggame;2
com.tramite;2
com.trivago;2
com.wildnetworks.xtudr;2
com.zoemob.gpstracking;2
es.mmip.prisacom.as;2
com.bbva.nxt;1
com.bestonlinenews.newsspain;1
com.bestsecret.main;1
com.clanmo.europcar;1
com.Generali.AppMaster;1
com.interactvty.interactvtymobile.interactvty.fundacion;1
com.jobrapp.jobr;1
com.rudderfishapps.seen;1
com.usablenet.vueling.avios;1
com.vilanova.app;1
com.vocento.autocasion;1
es.dae.cityxerpa;1
es.ecoveritas.veritas;1
es.orangebank.app;1
es.pibank.customers;1
nl.randstad.planning;1
app.bravostudio.A01FTFQJXEKAB55W86PBPWSJR6N;0
app.chat.zh;0
app.groupcal.www;0
asn.ark.miband5;0
assistencia.sanitaria.asc;0
au.com.aershov.uvmate;0
b4a.zephyr;0
barcelo.app;0
be.rtbf;0
bigvu.com.reporter;0
canadianmeet.dating.chatsingles.friends;0
cgd.pt.caixadirectaparticulares;0
chat.deligueamoryamistad;0
chat.unionylibertad;0
citas.entu.ciudad;0
co.findship.FindShip2;0
co.zelf.app;0
com.a380apps.weddingcards;0
com.aadhk.vitalsigns;0
com.abanca.bancaempresas;0
com.accurate.weather.forecast.weather.live;0
com.afterpaymobile.eu;0
com.ahfad.cbrlite;0
com.airvapps.realkittcar;0
com.algorand.android;0
com.all.video.downloader.fast.downloading.video.saver.browser;0
com.alllatestnews.espana.noticias;0
com.allvideodownloader.tubevideodownloaderapp;0
com.amadeus.cmt.client.android;0
com.amazonechodot3rdgenerationguide;0
com.andromedaAppys.app.NewTimetableNotes;0
com.andrzejsalwin.carfuellog;0
com.ankovo.bloodoxygen.oximeter;0
com.aomatatech.datatransferapp.filesharing;0
com.apowersoft.mirror;0
com.app.calculator.vault.hider;0
com.app.lock.fingerprint.privacy.guard;0
com.appen.mobile.global;0
com.appmystique.coverletter;0
com.appsidea.learn.aftereffects;0
com.appwallet.outline;0
com.app;0
com.aresmp3music.musicaresmp3free333;0
com.artiomapps.hairstyles;0
com.artline.bright.flashlight;0
com.athan;0
com.auroraclimbing.kilterboard;0
com.AutoDataNet.app;0
com.avast.android.secure.browser;0
com.barkibu.app;0
com.bereal.ft;0
com.best365.app.sport.be365;0
com.bestweatherfor.bibleoffline;0
com.bicentenarioking.chatadolescente;0
com.bikaba.skineditor4minecraft;0
com.bitbox.ikeafamily;0
com.blink.academy.nomopro;0
com.booster.gameboostermega;0
com.bosenko.watchfaceblack;0
com.bqreaders.reader.nubicoapp;0
com.bruxlabsnore;0
com.bycro.photobender;0
com.caracter.personalidad;0
com.carrefoursa.ecommerce;0
com.cepsa.cepsa;0
com.childcareon.campuson;0
com.circle.profile.picture.border.maker.dp.instagram;0
com.ClassicNokiaRingtones.osdnahtcfa;0
com.cleanmaster.ultra;0
com.cloudflare.onedotonedotonedotone;0
com.codenia.garagedoor;0
com.cognivint.cimsg;0
com.compassapp.compassfree;0
com.comrecapps.postres.caseros.faciles;0
com.comrecapps.recetas.comida.casera;0
com.conceptberria.wattion;0
com.coolniks.niksgps;0
com.coomeet.app;0
com.coyotesystems.android;0
com.cupidmedia.wrapper.dominicancupid;0
com.cupidmedia.wrapper.latinamericancupid;0
com.cuteemoji.keyboardsticker;0
com.cybermagic.cctvcamerarecorder;0
com.daikineurope.online.controller;0
com.db.pbc.DBPay;0
com.del.stickersanimados;0
com.demarque.cervantes;0
com.desicsl.milinea;0
com.desygner.certificates;0
com.dewmobile.kuaiya.web;0
com.dexcom.follow.region2.mgdl;0
com.dietdoctor.EatApp;0
com.digibites.accubattery;0
com.digitalchemy.currencyconverter;0
com.digitalchemy.recorder;0
com.digivents.theplanner;0
com.drakeet.purewriter;0
com.drawingskool.encantocoloring;0
com.dreamgames.royalmatch;0
com.DreamNeonCarsLiveWallpaperHD;0
com.drewinx.miles;0
com.dropper.maps.parkour.spiral.fall.mega;0
com.easybrain.find.the.difference;0
com.EdiresaApps.FlashDiscoteca;0
com.empel.android.dommuss;0
com.endalia.mobile.ao;0
com.endless.breakfastrecipes;0
com.entertaininglogixapps.gps.navigation.currency.converter.weather.map;0
com.epg.programaciontv;0
com.escaperadar.escaperadar;0
com.facebook.adsmanager;0
com.factory.kimloaiza;0
com.fashbell966.hasan.fashbellpro400190;0
com.fcproject.followers;0
com.FDGEntertainment.redball4.gp;0
com.findmybluetooth.headset.headphones.devices;0
com.food.calories;0
com.foreverbilisim.evlilikislami;0
com.fossil.wearables.fossil;0
com.freemusic.offline.bus;0
com.freshnews.fresh;0
com.funbox.englishkid;0
com.gasnatural.appocrcustomer;0
com.gbdownload.version;0
com.geoactio.avilabus;0
com.geoactio.matarobus;0
com.giobat.troviamoci;0
com.glympse.android.glympse;0
com.gocco.android;0
com.gofiotec.CitasClient;0
com.golmanagerfree;0
com.goodbarber.cibercuba;0
com.goodbarber.crystalnailses;0
com.goodbarber.planreforma;0
com.goodbarber.radioaspe;0
com.google.android.apps.docs.editors.slides;0
com.google.android.apps.wallpaper;0
com.google.android.apps.wifisetup.app;0
com.google.android.street;0
com.gospace.trasplantehemato2022;0
com.graph.weather.forecast.channel;0
com.groupeseb.moncookeo;0
com.grupocorredoira.shadowtracker;0
com.gsesmartiptv.smartiptv;0
com.GuideForHotWheelsRaceOff.HotWheels;0
com.GuideForHotWheelsUnlimited;0
com.halfbrick.fruitninjafree;0
com.happyneko.stickit;0
com.harrisapps.kika;0
com.helectronsoft.free.live.wallpaper.parallax.background;0
com.herreralemus.iv100.client;0
com.hevy;0
com.hisense.juconnect.connectlife;0
com.home.shelly;0
com.HomeGardenDesignIdeas.awanapp;0
com.homewhiz.global;0
com.hotti.android;0
com.humidity.checker.intouch;0
com.iforpowell.android.ipantman;0
com.ikeyboard.theme.aesthetic;0
com.ing.banking;0
com.internation.garageband.music;0
com.inverseai.video;0
com.irisstudio.pencilsketch;0
com.itmyti.bbcspanish;0
com.jaga.ibraceletplus.smartwristband;0
com.jaimefranko.fitpro;0
com.javyo.app;0
com.jbl.partybox;0
com.jerapah.spywaee;0
com.jgapps.expenless;0
com.jip.droid;0
com.juan.cenassaludables;0
com.justalk.kids.android;0
com.kamisoft.babynames;0
com.keblarsolutions.futsal;0
com.kiransmoothie.kiranchavan.juicerecipe;0
com.klepierre.loyalty;0
com.kn.whoviewed;0
com.labs.merlinbirdid.app;0
com.lacroix.mobile;0
com.ladytimer.ovulationcalendar;0
com.landxcaperobotics.landxcape;0
com.lavendrapp.lavendr;0
com.lazada.android;0
com.lehreer.glucose;0
com.like4like.app;0
com.live.wea.widget.channel;0
com.livestream.mevo;0
com.lluraferi.barrabes;0
com.lluraferi.douglas;0
com.lluraferi.furgocarnes;0
com.lluraferi.kenayhome;0
com.lluraferi.kuvut;0
com.lluraferi.lolacasademunt;0
com.lluraferi.mipelazo;0
com.lluraferi.munichshop;0
com.lluraferi.partyfiesta;0
com.lluraferi.planetahuerto;0
com.lluraferi.sprinter;0
com.lluraferi.ventananatural;0
com.lluraferi.xti;0
com.locategy.family;0
com.machy1979ii.intervaltimer;0
com.mahle.sbs;0
com.manya.digitalclocklivewallpaper;0
com.mapfre.inversion;0
com.marchamalo;0
com.mb.playerpotentials19;0
com.mc.fixitformiband2;0
com.mcontigo.LMEM;0
com.mi.calendar.agenda;0
com.microsoft.lists.public;0
com.microsoft.sharepoint;0
com.microsoft.whiteboard.publicpreview;0
com.mindtwisted.kanjistudy;0
com.minecraft.adv.mods.spiderman;0
com.minerva;0
com.mingle.VenezuelaCupid;0
com.mo2o.navieraarmas;0
com.mobilefootie.wc2010;0
com.mobilesoft.escuelaespaldaandroid;0
com.mobincube.eliminar;0
com.monisnap.allo;0
com.MultiExpo.pulpiandroid;0
com.music.player.mp3player.white;0
com.muslim.social.app.muzapp;0
com.muzmatch.muzmatchapp;0
com.mydiabetes;0
com.myGuidoo.tsp.elTaxi;0
com.mysosfamily;0
com.nashmigroup.zawaj;0
com.natewren.linesfree;0
com.neoxonika.drawhedgehog;0
com.nest.android;0
com.netease.newsreader.activity;0
com.netincome.boxingroundintervaltimer;0
com.nglreactnative;0
com.niveliv.AppWebTTIPubSelectiva;0
com.nsantosgil.blablafishing;0
com.omo.systems;0
com.onetap.beadscreator;0
com.onetap.bit8painter;0
com.opalaplicacionesmoviles.cdscmetladehesa;0
com.opera.mini.native.beta;0
com.oplayer.avonsmart;0
com.orange.blablablapp.es;0
com.panda.app.earthquake;0
com.paradox.gold;0
com.paris.velib;0
com.parlem.telecom;0
com.pasteleriafiesta.app;0
com.pay4vend.pay4vend;0
com.payeer;0
com.peoplecall.nubefone;0
com.philips.hearlink;0
com.photo.android.camera;0
com.photo.editor.games.boy.hairstyle;0
com.pieyel.scrabble;0
com.piksoft.turboscan.free;0
com.pixamotion;0
com.pizzeriascarlos.pizzeriascarlos;0
com.polarsteps;0
com.prestaciones.ayuda;0
com.prisaradio.replicapp.cadenaser;0
com.produpress.immoweb;0
com.psma.audioextractor;0
com.psma.videomerge;0
com.qnap.qfile;0
com.qrcodereader;0
com.radiofm.freeradio;0
com.ragdollweapon.master;0
com.remax.remaxmobile;0
com.revolut.business;0
com.riatech.cookbook;0
com.ring.answer;0
com.rodrigmatrix.weatheryou;0
com.rstream.crafts;0
com.sage.hr;0
com.sashaselyacov.alice.horror;0
com.sawbonadev.eltenedor;0
com.sayhi.android.sayhitranslate;0
com.scorp.wholite;0
com.scorp.who;0
com.screenmirrorapp;0
com.sec.penup;0
com.semillaproyectos.blancospeluqueros;0
com.senales.ley.transito.app.espana;0
com.senapps.rtsendirect;0
com.sertanta.textonphoto2.tepho;0
com.shoppingapp.shopeeeasa;0
com.shotguntheapp.android;0
com.simple4droid.misnoticias;0
com.SimplyEntertaining.photoblend;0
com.simyo;0
com.situame.autobuses;0
com.smartmob.six.pack.photo.editor.real;0
com.smartsoftasia.perfume;0
com.smsrobot.period;0
com.softwarekoibox.embellecetbeautysalon;0
com.soogrow.nitreo;0
com.spc.support;0
com.spd.stream.dv.wcar;0
com.sportsevents.livescore;0
com.stonegate.mypub.iorder;0
com.storytoys.lego.duplo.world.kids.play.free.friends.animals.android.googleplay;0
com.stt.android.suunto;0
com.surgeapp.zoe;0
com.survival.maps.redstone;0
com.swapcard.apps.android.liveconnect;0
com.sweetsugar.cards;0
com.sygic.truck;0
com.tachanfil.periodicosdominicanos;0
com.taxislibres.conductor;0
com.tayu.tau.pedometer;0
com.techbyneo.allvehicleverify;0
com.tedrasoft.music.maker;0
com.themausoft.pvpcapp;0
com.thmobile.logomaker;0
com.tiktokcounter.app;0
com.tips.podkljuchitnaushniki;0
com.tiptapgames.pixel.cars;0
com.tmrow.electricitymap;0
com.todosfolletosapp;0
com.tom.raibowtodolist;0
com.touchsurgery;0
com.tplink.skylight;0
com.trasmapi.trasmapi;0
com.trickiapps.periodicosespanoles;0
com.tvapp.remote.tvremote.universalremote;0
com.twocatsapp.dailyhumor;0
com.ultra;0
com.unbound.android.medl;0
com.unicorn.hugy.craft.fps;0
com.usedcars.germany;0
com.utilappsmasterpro.cleanmasterpro;0
com.VAD.Short.Dress.Girl.Photo.Montage;0
com.valvi.clubvalvi;0
com.verti.vertidriver;0
com.video.light.best.callflash;0
com.videoruletka.chatrandomvideo;0
com.vidibond.pccomponentes2;0
com.visiotalent.app;0
com.vitalmod.vincheck;0
com.vysionapps.face28;0
com.wastickerapps.compas;0
com.wastickerapps.dinosaur.stickers.dino;0
com.wave.keyboard;0
com.wdc.wd2go;0
com.whatweb.clone;0
com.wuopo.wuopo;0
com.wWorldometerrealtimeworldstatistics;0
com.xatori.Plugshare;0
com.xenstudio.birthdaycake.photoframe;0
com.xsplit.webcam;0
com.yablio.sendfilestotv;0
com.yeelight.cherry;0
com.yooppe.app;0
com.yougov.mobile.online;0
com.yourtravelmates;0
com.yy.freemusic.global2020;0
com.zong.customercare;0
com.zyy.TakeThemOff;0
cz.fishsurfing.fishsurfing;0
de.cprosoft.navship;0
de.mdiener.unwetter.gm;0
de.twokit.castbrowser;0
destiny.video.music.mediaplayer.videoapp.videoplayer;0
dev.rokitskiy.miband;0
digifit.virtuagym.client.android;0
es.cambalache.android;0
es.ceca.cajalnet;0
es.cecabank.ealia2091appstore;0
es.emtvalencia.emt;0
es.i2a.cronos;0
es.inforapps.elmonin;0
es.josemiguelrodriguez.buscazon;0
es.juntadeandalucia.portavoz;0
es.latiendaencasa.ofertas;0
es.medusasibiza;0
es.miotek.webel;0
es.mrcl.app.juasapp;0
es.muface.MufaceMovil;0
es.navarra.educacion.educaNA;0
es.odilo.bmarch;0
es.plus.yomvi;0
es.redsys.walletmb.app.cajasur.pro;0
espanachat.uh;0
eu.barbeito.buscoruna;0
eu.virtualtraining.rouvy.android;0
fitness.online.app;0
football.europeanleague.elf;0
fr.carburogaz.stations;0
fr.creditagricole.macarteca;0
fr.officinea.cleanbeauty;0
free.robuxgame;0
free.video.downloader.converter.music;0
gal.xunta.abalarprofes;0
hdvideod.videomediahd.videosvideoplayer;0
hn.zip.unzip.compressfile.extractfile.compressfolder;0
holoduke.soccer;0
hr.mireo.arthur;0
idu.com.mmsf.mmimusicstreamingfree;0
image.photoedit.photogallery;0
info.newsapps.science;0
intechsolutions.photorestore;0
io.abaq.mobile;0
io.elprogramador.vacapop;0
io.neuromobile.villena;0
jp.gr.java;0
kynguyen.app.mirror;0
lddan.tik.followers;0
linea.directa;0
link.merge.puzzle.onnect.number;0
littleappas.Football.wallpapers;0
loseweight.formen.homeworkouts;0
madre.guia;0
mansoftware.rv;0
me.tomhicks.asketchaday;0
media.video.music.musicplayer;0
mmapps.mobile.magnifier;0
mnw.mcpe;0
mobi.lockdown.weather;0
moldesbrothers.miradio;0
mp3converter.videotomp3.ringtonemaker;0
my.birthdayreminder;0
myanimez.com;0
net.chordify.chordify;0
net.kosev.rulering;0
net.slideshare.mobile;0
net.wooga.junes;0
nl.deckeron.apps.innerfire;0
nl.negentwee;0
nl.ticketapp.sale;0
no.bstcm.loyaltyapp.el;0
no.bstcm.loyaltyapp.parque;0
no.ruter.mobile;0
novelas.yseriesgratis2;0
org.contentarcade.apps.logomaker;0
org.geogebra.android;0
org.mityc.geogasolineras;0
org.nativescript.colpernapp;0
ovh.sauzanaprod.predictionfootbis;0
paolo4c.gts.watchfaces;0
periodicos.deportivos;0
photo.video.instasaveapp;0
pl.nenter.app.bubblelevel;0
posteitaliane.posteapp.appposteid;0
pt.sibs.android.mbway;0
pt.tetrapi.spotazores;0
reina.valera.nuevo.testamento;0
retalis.com.rutappa;0
ringtone.maker;0
rocks.tommylee.apps.dailystoicism;0
ru.ieronio.penthouse;0
ru.otkritki.greetingcard;0
salas.dechatligaramistadamorcitas;0
salon.haircolor.womanhairstyle.hairstylechanger;0
santa.biblia.reina.valera.gratis;0
sexy.girlswhatsappnumberforfriendship;0
skywave.antistress;0
smartgr.bedroomdecoration.ideas;0
smartgr.vintage.furniture;0
ua.gov.diia.app;0
uk.co.bbc.russian;0
uk.co.bybus.move;0
vidmob.cutvideo.trimvideo.mixer;0
w2a.W2Awww.lauramakeria.com;0
watch.richface.androidwear.cyber;0
watts.abbeygoldenpluslastseentracker2;0
weather.forecast.live.weather;0
worldsummits.ramLabs.namespace;0
yallashoot.shoot.yalla.com.yallashoot.newapp;0
